method,variant,k,fit,covariates,horizon_min,window_set_H,eval_variant,cohort,n_patients,n_scored,rmse_mean_of_patients,rmse_pooled,mae_mean_of_patients,mae_pooled,mape_mean_of_patients,mape_pooled,rmse_sd_across_patients,worst_patient,worst_patient_rmse,n_dropped_nan_covariate,n_fallback,published_rmse,published_mae,published_source,published_inputs,like_for_like
l1,linear extrapolation k=2,2,none,False,30,6,bglp,2018,6,15970,34.795,35.049,20.161,20.168,12.975,12.969,5.699,575,41.748,0,297,,,,,
l1,linear extrapolation k=2,2,none,False,30,6,bglp,2020,6,15701,35.703,37.198,19.98,20.025,14.004,14.027,12.028,584,52.202,0,462,,,,,
l1,linear extrapolation k=2,2,none,False,30,6,bglp,pooled,12,31671,35.249,36.13,20.071,20.097,13.49,13.494,8.986,584,52.202,0,759,,,,,
l1,linear extrapolation k=2,2,none,False,60,6,bglp,2018,6,15970,70.701,71.132,42.632,42.644,27.488,27.477,10.595,575,83.494,0,430,,,,,
l1,linear extrapolation k=2,2,none,False,60,6,bglp,2020,6,15701,74.459,76.98,43.644,43.741,30.609,30.638,22.617,584,103.26,0,662,,,,,
l1,linear extrapolation k=2,2,none,False,60,6,bglp,pooled,12,31671,72.58,74.089,43.138,43.188,29.048,29.044,16.953,584,103.26,0,1092,,,,,
l1,linear extrapolation k=3,3,none,False,30,6,bglp,2018,6,15970,31.348,31.619,19.324,19.33,12.442,12.437,5.234,575,38.916,0,297,,,,,
l1,linear extrapolation k=3,3,none,False,30,6,bglp,2020,6,15701,31.786,32.699,19.628,19.664,13.7,13.717,8.776,584,44.012,0,462,,,,,
l1,linear extrapolation k=3,3,none,False,30,6,bglp,pooled,12,31671,31.567,32.159,19.476,19.495,13.071,13.072,6.893,584,44.012,0,759,,,,,
l1,linear extrapolation k=3,3,none,False,60,6,bglp,2018,6,15970,62.845,63.282,40.22,40.23,26.014,26.001,9.426,575,75.984,0,430,,,,,
l1,linear extrapolation k=3,3,none,False,60,6,bglp,2020,6,15701,65.944,67.436,42.324,42.406,29.604,29.621,16.172,584,85.59,0,662,,,,,
l1,linear extrapolation k=3,3,none,False,60,6,bglp,pooled,12,31671,64.394,65.374,41.272,41.309,27.809,27.796,12.723,584,85.59,0,1092,,,,,
l1,linear extrapolation k=6,6,none,False,30,6,bglp,2018,6,15970,29.248,29.532,19.242,19.252,12.431,12.427,4.82,575,36.175,0,297,,,,,
l1,linear extrapolation k=6,6,none,False,30,6,bglp,2020,6,15701,30.918,31.473,20.501,20.53,14.23,14.239,6.687,584,38.656,0,462,,,,,
l1,linear extrapolation k=6,6,none,False,30,6,bglp,pooled,12,31671,30.083,30.51,19.872,19.885,13.331,13.325,5.626,584,38.656,0,759,,,,,
l1,linear extrapolation k=6,6,none,False,60,6,bglp,2018,6,15970,55.929,56.347,38.304,38.31,25.067,25.049,8.102,575,66.465,0,430,,,,,
l1,linear extrapolation k=6,6,none,False,60,6,bglp,2020,6,15701,60.954,61.923,41.688,41.751,29.07,29.07,12.298,567,75.578,0,662,,,,,
l1,linear extrapolation k=6,6,none,False,60,6,bglp,pooled,12,31671,58.442,59.177,39.996,40.016,27.068,27.043,10.27,567,75.578,0,1092,,,,,
l2,linear AR H=6,,per-patient,False,30,6,bglp,2018,6,15970,20.848,20.956,14.779,14.771,9.849,9.838,2.708,575,24.668,0,297,,,,,
l2,linear AR H=6,,per-patient,False,30,6,bglp,2020,6,15701,21.995,22.313,15.769,15.781,11.35,11.329,4.184,584,26.75,0,462,,,,,
l2,linear AR H=6,,per-patient,False,30,6,bglp,pooled,12,31671,21.422,21.639,15.275,15.272,10.6,10.577,3.413,584,26.75,0,759,,,,,
l2,linear AR H=6,,per-patient,False,60,6,bglp,2018,6,15970,33.526,33.619,25.242,25.218,17.101,17.073,3.445,575,37.691,0,430,,,,,
l2,linear AR H=6,,per-patient,False,60,6,bglp,2020,6,15701,36.396,36.831,27.728,27.767,20.348,20.309,5.823,540,42.36,0,662,,,,,
l2,linear AR H=6,,per-patient,False,60,6,bglp,pooled,12,31671,34.961,35.248,26.485,26.482,18.724,18.678,4.802,540,42.36,0,1092,,,,,
l2,linear AR H=6,,per-patient,True,30,6,bglp,2018,6,15970,20.347,20.451,14.369,14.363,9.57,9.561,2.663,575,24.037,0,297,,,,,
l2,linear AR H=6,,per-patient,True,30,6,bglp,2020,6,15701,21.407,21.731,15.332,15.327,11.057,11.023,4.249,584,26.366,0,462,,,,,
l2,linear AR H=6,,per-patient,True,30,6,bglp,pooled,12,31671,20.877,21.095,14.85,14.841,10.314,10.285,3.426,584,26.366,0,759,,,,,
l2,linear AR H=6,,per-patient,True,60,6,bglp,2018,6,15970,32.702,32.78,24.551,24.537,16.638,16.617,3.124,575,36.724,0,430,,,,,
l2,linear AR H=6,,per-patient,True,60,6,bglp,2020,6,15701,34.978,35.414,26.525,26.518,19.546,19.465,6.029,567,41.114,0,662,,,,,
l2,linear AR H=6,,per-patient,True,60,6,bglp,pooled,12,31671,33.84,34.111,25.538,25.519,18.092,18.029,4.73,567,41.114,0,1092,,,,,
l2,linear AR H=6,,population (LOPO),False,30,6,bglp,2018,6,15970,21.006,21.082,14.955,14.95,9.868,9.852,2.311,575,24.277,0,297,,,,,
l2,linear AR H=6,,population (LOPO),False,30,6,bglp,2020,6,15701,22.204,22.532,15.867,15.885,11.452,11.443,4.253,567,26.912,0,462,,,,,
l2,linear AR H=6,,population (LOPO),False,30,6,bglp,pooled,12,31671,21.605,21.813,15.411,15.414,10.66,10.641,3.323,567,26.912,0,759,,,,,
l2,linear AR H=6,,population (LOPO),False,60,6,bglp,2018,6,15970,34.214,34.304,25.889,25.889,17.326,17.297,3.003,575,36.913,0,430,,,,,
l2,linear AR H=6,,population (LOPO),False,60,6,bglp,2020,6,15701,36.488,36.889,27.703,27.732,20.414,20.387,5.763,567,42.744,0,662,,,,,
l2,linear AR H=6,,population (LOPO),False,60,6,bglp,pooled,12,31671,35.351,35.609,26.796,26.803,18.87,18.829,4.539,567,42.744,0,1092,,,,,
l2,linear AR H=6,,population (LOPO),True,30,6,bglp,2018,6,15970,20.714,20.783,14.757,14.75,9.725,9.71,2.267,575,23.837,0,297,,,,,
l2,linear AR H=6,,population (LOPO),True,30,6,bglp,2020,6,15701,21.881,22.22,15.658,15.672,11.281,11.266,4.287,584,26.719,0,462,,,,,
l2,linear AR H=6,,population (LOPO),True,30,6,bglp,pooled,12,31671,21.297,21.507,15.208,15.207,10.503,10.482,3.326,584,26.719,0,759,,,,,
l2,linear AR H=6,,population (LOPO),True,60,6,bglp,2018,6,15970,33.743,33.814,25.529,25.525,17.106,17.079,2.837,559,36.379,0,430,,,,,
l2,linear AR H=6,,population (LOPO),True,60,6,bglp,2020,6,15701,35.894,36.292,27.323,27.346,20.103,20.068,5.68,567,41.494,0,662,,,,,
l2,linear AR H=6,,population (LOPO),True,60,6,bglp,pooled,12,31671,34.818,35.064,26.426,26.428,18.605,18.561,4.426,567,41.494,0,1092,,,,,
l2,linear AR H=12,,per-patient,False,30,12,bglp,2018,6,15970,20.831,20.937,14.744,14.736,9.821,9.809,2.681,575,24.614,0,456,,,,,
l2,linear AR H=12,,per-patient,False,30,12,bglp,2020,6,15701,21.97,22.286,15.753,15.762,11.349,11.327,4.195,584,26.678,0,714,,,,,
l2,linear AR H=12,,per-patient,False,30,12,bglp,pooled,12,31671,21.4,21.616,15.249,15.245,10.585,10.561,3.409,584,26.678,0,1170,,,,,
l2,linear AR H=12,,per-patient,False,60,12,bglp,2018,6,15970,33.507,33.6,25.171,25.146,17.025,16.999,3.439,575,37.704,0,586,,,,,
l2,linear AR H=12,,per-patient,False,60,12,bglp,2020,6,15701,36.402,36.844,27.709,27.751,20.342,20.304,5.896,540,42.381,0,915,,,,,
l2,linear AR H=12,,per-patient,False,60,12,bglp,pooled,12,31671,34.955,35.245,26.44,26.437,18.684,18.637,4.844,540,42.381,0,1501,,,,,
l2,linear AR H=12,,per-patient,True,30,12,bglp,2018,6,15970,20.199,20.298,14.148,14.145,9.403,9.395,2.561,575,23.755,0,456,,,,,
l2,linear AR H=12,,per-patient,True,30,12,bglp,2020,6,15701,20.851,21.162,14.884,14.871,10.766,10.725,4.188,584,25.663,0,714,,,,,
l2,linear AR H=12,,per-patient,True,30,12,bglp,pooled,12,31671,20.525,20.731,14.516,14.505,10.084,10.055,3.327,584,25.663,0,1170,,,,,
l2,linear AR H=12,,per-patient,True,60,12,bglp,2018,6,15970,32.422,32.487,24.21,24.202,16.337,16.322,2.796,575,36.062,0,586,,,,,
l2,linear AR H=12,,per-patient,True,60,12,bglp,2020,6,15701,34.218,34.653,25.883,25.873,19.018,18.934,5.98,567,40.497,0,915,,,,,
l2,linear AR H=12,,per-patient,True,60,12,bglp,pooled,12,31671,33.32,33.578,25.046,25.031,17.678,17.617,4.548,567,40.497,0,1501,,,,,
l2,linear AR H=12,,population (LOPO),False,30,12,bglp,2018,6,15970,21.001,21.077,14.945,14.941,9.848,9.834,2.288,575,24.233,0,456,,,,,
l2,linear AR H=12,,population (LOPO),False,30,12,bglp,2020,6,15701,22.218,22.545,15.868,15.884,11.457,11.447,4.258,567,26.952,0,714,,,,,
l2,linear AR H=12,,population (LOPO),False,30,12,bglp,pooled,12,31671,21.61,21.817,15.406,15.409,10.653,10.633,3.32,567,26.952,0,1170,,,,,
l2,linear AR H=12,,population (LOPO),False,60,12,bglp,2018,6,15970,34.225,34.321,25.888,25.891,17.296,17.269,3.053,575,36.864,0,586,,,,,
l2,linear AR H=12,,population (LOPO),False,60,12,bglp,2020,6,15701,36.523,36.929,27.718,27.748,20.427,20.401,5.814,567,42.794,0,915,,,,,
l2,linear AR H=12,,population (LOPO),False,60,12,bglp,pooled,12,31671,35.374,35.638,26.803,26.812,18.861,18.822,4.587,567,42.794,0,1501,,,,,
l2,linear AR H=12,,population (LOPO),True,30,12,bglp,2018,6,15970,20.553,20.62,14.576,14.571,9.622,9.609,2.233,575,23.65,0,456,,,,,
l2,linear AR H=12,,population (LOPO),True,30,12,bglp,2020,6,15701,21.611,21.924,15.421,15.442,11.104,11.096,4.055,584,26.294,0,714,,,,,
l2,linear AR H=12,,population (LOPO),True,30,12,bglp,pooled,12,31671,21.082,21.276,14.998,15.003,10.363,10.346,3.169,584,26.294,0,1170,,,,,
l2,linear AR H=12,,population (LOPO),True,60,12,bglp,2018,6,15970,33.587,33.636,25.297,25.295,16.977,16.955,2.514,575,35.915,0,586,,,,,
l2,linear AR H=12,,population (LOPO),True,60,12,bglp,2020,6,15701,35.522,35.894,26.999,27.036,19.807,19.786,5.359,540,41.113,0,915,,,,,
l2,linear AR H=12,,population (LOPO),True,60,12,bglp,pooled,12,31671,34.555,34.774,26.148,26.158,18.392,18.358,4.116,540,41.113,0,1501,,,,,
l2,linear AR H=24,,per-patient,False,30,24,bglp,2018,6,15970,20.802,20.909,14.744,14.735,9.821,9.81,2.68,575,24.684,0,768,,,,,
l2,linear AR H=24,,per-patient,False,30,24,bglp,2020,6,15701,22.004,22.321,15.79,15.798,11.379,11.355,4.204,584,26.742,0,1225,,,,,
l2,linear AR H=24,,per-patient,False,30,24,bglp,pooled,12,31671,21.403,21.621,15.267,15.262,10.6,10.576,3.42,584,26.742,0,1993,,,,,
l2,linear AR H=24,,per-patient,False,60,24,bglp,2018,6,15970,33.433,33.525,25.129,25.102,17.002,16.975,3.419,575,37.854,0,898,,,,,
l2,linear AR H=24,,per-patient,False,60,24,bglp,2020,6,15701,36.428,36.868,27.759,27.8,20.371,20.33,5.895,540,42.373,0,1431,,,,,
l2,linear AR H=24,,per-patient,False,60,24,bglp,pooled,12,31671,34.93,35.222,26.444,26.439,18.687,18.638,4.853,540,42.373,0,2329,,,,,
l2,linear AR H=24,,per-patient,True,30,24,bglp,2018,6,15970,20.118,20.217,14.066,14.067,9.355,9.349,2.482,575,23.664,0,768,,,,,
l2,linear AR H=24,,per-patient,True,30,24,bglp,2020,6,15701,20.773,21.083,14.794,14.781,10.658,10.618,4.159,567,25.525,0,1225,,,,,
l2,linear AR H=24,,per-patient,True,30,24,bglp,pooled,12,31671,20.446,20.651,14.43,14.421,10.006,9.978,3.284,567,25.525,0,1993,,,,,
l2,linear AR H=24,,per-patient,True,60,24,bglp,2018,6,15970,32.234,32.303,23.982,23.982,16.207,16.196,2.668,575,35.995,0,898,,,,,
l2,linear AR H=24,,per-patient,True,60,24,bglp,2020,6,15701,34.125,34.574,25.715,25.707,18.757,18.674,6.047,567,40.336,0,1431,,,,,
l2,linear AR H=24,,per-patient,True,60,24,bglp,pooled,12,31671,33.18,33.448,24.849,24.837,17.482,17.424,4.564,567,40.336,0,2329,,,,,
l2,linear AR H=24,,population (LOPO),False,30,24,bglp,2018,6,15970,21.024,21.102,14.959,14.957,9.851,9.837,2.307,575,24.28,0,768,,,,,
l2,linear AR H=24,,population (LOPO),False,30,24,bglp,2020,6,15701,22.237,22.566,15.882,15.899,11.467,11.457,4.273,567,26.958,0,1225,,,,,
l2,linear AR H=24,,population (LOPO),False,30,24,bglp,pooled,12,31671,21.63,21.84,15.421,15.424,10.659,10.64,3.335,567,26.958,0,1993,,,,,
l2,linear AR H=24,,population (LOPO),False,60,24,bglp,2018,6,15970,34.25,34.349,25.91,25.914,17.299,17.273,3.089,575,36.893,0,898,,,,,
l2,linear AR H=24,,population (LOPO),False,60,24,bglp,2020,6,15701,36.542,36.951,27.722,27.754,20.434,20.409,5.828,567,42.799,0,1431,,,,,
l2,linear AR H=24,,population (LOPO),False,60,24,bglp,pooled,12,31671,35.396,35.663,26.816,26.826,18.866,18.827,4.605,567,42.799,0,2329,,,,,
l2,linear AR H=24,,population (LOPO),True,30,24,bglp,2018,6,15970,20.588,20.654,14.57,14.565,9.617,9.605,2.234,575,23.704,0,768,,,,,
l2,linear AR H=24,,population (LOPO),True,30,24,bglp,2020,6,15701,21.606,21.915,15.424,15.451,11.1,11.096,4.012,584,26.214,0,1225,,,,,
l2,linear AR H=24,,population (LOPO),True,30,24,bglp,pooled,12,31671,21.097,21.288,14.997,15.004,10.358,10.344,3.141,584,26.214,0,1993,,,,,
l2,linear AR H=24,,population (LOPO),True,60,24,bglp,2018,6,15970,33.67,33.713,25.331,25.327,16.99,16.966,2.471,575,36.014,0,898,,,,,
l2,linear AR H=24,,population (LOPO),True,60,24,bglp,2020,6,15701,35.52,35.893,26.986,27.038,19.784,19.774,5.295,540,41.281,0,1431,,,,,
l2,linear AR H=24,,population (LOPO),True,60,24,bglp,pooled,12,31671,34.595,34.811,26.159,26.175,18.387,18.358,4.056,540,41.281,0,2329,,,,,
p0,persistence,,none,False,30,6,bglp,2018,6,15970,23.061,23.154,16.66,16.646,10.849,10.832,2.65,575,26.058,0,297,,,,,
p0,persistence,,none,False,30,6,bglp,2020,6,15701,25.485,25.819,18.062,18.1,12.511,12.523,4.46,567,30.704,0,462,,,,,
p0,persistence,,none,False,30,6,bglp,pooled,12,31671,24.273,24.511,17.361,17.367,11.68,11.67,3.72,567,30.704,0,759,,,,,
p0,persistence,,none,False,60,6,bglp,2018,6,15970,37.158,37.244,27.788,27.761,18.344,18.309,3.516,559,41.066,0,430,,,,,
p0,persistence,,none,False,60,6,bglp,2020,6,15701,41.416,41.929,30.429,30.508,21.196,21.224,6.755,567,49.145,0,662,,,,,
p0,persistence,,none,False,60,6,bglp,pooled,12,31671,39.287,39.636,29.108,29.123,19.77,19.754,5.595,567,49.145,0,1092,,,,,
p0,persistence,,none,False,30,12,bglp,2018,6,15970,23.061,23.154,16.66,16.646,10.849,10.832,2.65,575,26.058,0,456,,,,,
p0,persistence,,none,False,30,12,bglp,2020,6,15701,25.485,25.819,18.062,18.1,12.511,12.523,4.46,567,30.704,0,714,,,,,
p0,persistence,,none,False,30,12,bglp,pooled,12,31671,24.273,24.511,17.361,17.367,11.68,11.67,3.72,567,30.704,0,1170,,,,,
p0,persistence,,none,False,60,12,bglp,2018,6,15970,37.158,37.244,27.788,27.761,18.344,18.309,3.516,559,41.066,0,586,,,,,
p0,persistence,,none,False,60,12,bglp,2020,6,15701,41.416,41.929,30.429,30.508,21.196,21.224,6.755,567,49.145,0,915,,,,,
p0,persistence,,none,False,60,12,bglp,pooled,12,31671,39.287,39.636,29.108,29.123,19.77,19.754,5.595,567,49.145,0,1501,,,,,
p0,persistence,,none,False,30,24,bglp,2018,6,15970,23.061,23.154,16.66,16.646,10.849,10.832,2.65,575,26.058,0,768,,,,,
p0,persistence,,none,False,30,24,bglp,2020,6,15701,25.485,25.819,18.062,18.1,12.511,12.523,4.46,567,30.704,0,1225,,,,,
p0,persistence,,none,False,30,24,bglp,pooled,12,31671,24.273,24.511,17.361,17.367,11.68,11.67,3.72,567,30.704,0,1993,,,,,
p0,persistence,,none,False,60,24,bglp,2018,6,15970,37.158,37.244,27.788,27.761,18.344,18.309,3.516,559,41.066,0,898,,,,,
p0,persistence,,none,False,60,24,bglp,2020,6,15701,41.416,41.929,30.429,30.508,21.196,21.224,6.755,567,49.145,0,1431,,,,,
p0,persistence,,none,False,60,24,bglp,pooled,12,31671,39.287,39.636,29.108,29.123,19.77,19.754,5.595,567,49.145,0,2329,,,,,
