method,variant,k,fit,covariates,horizon_min,window_set_H,cohort,n_patients,n_scored,rmse_mean_of_patients,rmse_pooled,mae_mean_of_patients,mae_pooled,mape_mean_of_patients,mape_pooled,rmse_sd_across_patients,worst_patient,worst_patient_rmse,n_dropped_nan_covariate,published_rmse,published_mae,published_source,published_inputs,like_for_like
l1,linear extrapolation k=2,2,none,False,30,6,2018,6,15673,31.846,32.276,19.52,19.56,12.46,12.488,6.028,575,39.859,0,,,,,
l1,linear extrapolation k=2,2,none,False,30,6,2020,6,15239,27.866,28.185,18.751,18.804,13.168,13.186,4.074,584,34.721,0,,,,,
l1,linear extrapolation k=2,2,none,False,30,6,pooled,12,30912,29.856,30.328,19.135,19.187,12.814,12.832,5.327,575,39.859,0,,,,,
l1,linear extrapolation k=2,2,none,False,60,6,2018,6,15540,65.673,66.399,41.826,41.916,26.852,26.912,11.054,575,80.302,0,,,,,
l1,linear extrapolation k=2,2,none,False,60,6,2020,6,15039,61.032,61.574,42.03,42.126,29.558,29.571,8.024,584,71.595,0,,,,,
l1,linear extrapolation k=2,2,none,False,60,6,pooled,12,30579,63.353,64.071,41.928,42.019,28.205,28.22,9.523,575,80.302,0,,,,,
l1,linear extrapolation k=3,3,none,False,30,6,2018,6,15673,29.511,29.924,18.703,18.739,11.946,11.97,5.638,575,37.882,0,,,,,
l1,linear extrapolation k=3,3,none,False,30,6,2020,6,15239,26.947,27.198,18.464,18.508,12.902,12.918,3.693,584,32.669,0,,,,,
l1,linear extrapolation k=3,3,none,False,30,6,pooled,12,30912,28.229,28.612,18.584,18.625,12.424,12.437,4.737,575,37.882,0,,,,,
l1,linear extrapolation k=3,3,none,False,60,6,2018,6,15540,59.974,60.636,39.414,39.489,25.385,25.435,10.027,575,74.416,0,,,,,
l1,linear extrapolation k=3,3,none,False,60,6,2020,6,15039,58.277,58.751,40.806,40.886,28.607,28.611,7.704,584,66.348,0,,,,,
l1,linear extrapolation k=3,3,none,False,60,6,pooled,12,30579,59.125,59.716,40.11,40.176,26.996,26.997,8.571,575,74.416,0,,,,,
l1,linear extrapolation k=6,6,none,False,30,6,2018,6,15673,28.195,28.543,18.698,18.733,11.993,12.014,4.952,575,35.677,0,,,,,
l1,linear extrapolation k=6,6,none,False,30,6,2020,6,15239,28.101,28.321,19.533,19.57,13.544,13.556,3.695,540,31.716,0,,,,,
l1,linear extrapolation k=6,6,none,False,30,6,pooled,12,30912,28.148,28.434,19.116,19.146,12.769,12.774,4.166,575,35.677,0,,,,,
l1,linear extrapolation k=6,6,none,False,60,6,2018,6,15540,54.58,55.094,37.599,37.653,24.511,24.541,8.301,575,66.07,0,,,,,
l1,linear extrapolation k=6,6,none,False,60,6,2020,6,15039,57.139,57.659,40.449,40.512,28.261,28.25,8.278,540,66.79,0,,,,,
l1,linear extrapolation k=6,6,none,False,60,6,pooled,12,30579,55.86,56.37,39.024,39.059,26.386,26.365,8.016,540,66.79,0,,,,,
l2,linear AR H=6,,per-patient,False,30,6,2018,6,15673,20.171,20.291,14.157,14.161,9.278,9.282,2.639,575,24.424,0,,,,,
l2,linear AR H=6,,per-patient,False,30,6,2020,6,15239,19.722,19.879,14.498,14.532,10.338,10.335,2.344,540,22.201,0,,,,,
l2,linear AR H=6,,per-patient,False,30,6,pooled,12,30912,19.946,20.089,14.328,14.344,9.808,9.801,2.391,575,24.424,0,,,,,
l2,linear AR H=6,,per-patient,False,60,6,2018,6,15540,33.014,33.084,24.588,24.563,16.411,16.397,3.191,575,37.654,0,,,,,
l2,linear AR H=6,,per-patient,False,60,6,2020,6,15039,34.764,35.092,26.516,26.574,19.293,19.268,4.547,540,41.168,0,,,,,
l2,linear AR H=6,,per-patient,False,60,6,pooled,12,30579,33.889,34.086,25.552,25.552,17.852,17.809,3.855,540,41.168,0,,,,,
l2,linear AR H=6,,per-patient,True,30,6,2018,6,15673,19.717,19.842,13.786,13.792,9.034,9.04,2.674,575,23.894,0,,,,,
l2,linear AR H=6,,per-patient,True,30,6,2020,6,15239,19.129,19.271,14.036,14.051,10.02,10.002,2.359,584,21.731,0,,,,,
l2,linear AR H=6,,per-patient,True,30,6,pooled,12,30912,19.423,19.562,13.911,13.92,9.527,9.514,2.423,575,23.894,0,,,,,
l2,linear AR H=6,,per-patient,True,60,6,2018,6,15540,32.252,32.327,23.934,23.926,15.986,15.982,3.034,575,36.808,0,,,,,
l2,linear AR H=6,,per-patient,True,60,6,2020,6,15039,33.193,33.489,25.198,25.202,18.384,18.311,4.639,540,39.39,0,,,,,
l2,linear AR H=6,,per-patient,True,60,6,pooled,12,30579,32.723,32.904,24.566,24.553,17.185,17.127,3.769,540,39.39,0,,,,,
l2,linear AR H=6,,population (LOPO),False,30,6,2018,6,15673,20.214,20.302,14.258,14.257,9.304,9.301,2.297,575,23.93,0,,,,,
l2,linear AR H=6,,population (LOPO),False,30,6,2020,6,15239,19.987,20.144,14.707,14.733,10.538,10.535,2.451,540,22.754,0,,,,,
l2,linear AR H=6,,population (LOPO),False,30,6,pooled,12,30912,20.1,20.225,14.482,14.492,9.921,9.909,2.268,575,23.93,0,,,,,
l2,linear AR H=6,,population (LOPO),False,60,6,2018,6,15540,33.501,33.542,25.123,25.105,16.666,16.642,2.555,575,36.609,0,,,,,
l2,linear AR H=6,,population (LOPO),False,60,6,2020,6,15039,34.906,35.2,26.643,26.68,19.486,19.465,4.487,540,40.819,0,,,,,
l2,linear AR H=6,,population (LOPO),False,60,6,pooled,12,30579,34.204,34.367,25.883,25.88,18.076,18.031,3.558,540,40.819,0,,,,,
l2,linear AR H=6,,population (LOPO),True,30,6,2018,6,15673,19.915,20.002,14.049,14.048,9.171,9.168,2.297,575,23.54,0,,,,,
l2,linear AR H=6,,population (LOPO),True,30,6,2020,6,15239,19.673,19.832,14.489,14.509,10.36,10.351,2.491,540,22.471,0,,,,,
l2,linear AR H=6,,population (LOPO),True,30,6,pooled,12,30912,19.794,19.918,14.269,14.275,9.765,9.751,2.288,575,23.54,0,,,,,
l2,linear AR H=6,,population (LOPO),True,60,6,2018,6,15540,33.019,33.049,24.734,24.715,16.45,16.428,2.402,575,35.928,0,,,,,
l2,linear AR H=6,,population (LOPO),True,60,6,2020,6,15039,34.241,34.529,26.196,26.231,19.122,19.097,4.371,540,40.279,0,,,,,
l2,linear AR H=6,,population (LOPO),True,60,6,pooled,12,30579,33.63,33.785,25.465,25.461,17.786,17.741,3.423,540,40.279,0,,,,,
l2,linear AR H=12,,per-patient,False,30,12,2018,6,15514,20.162,20.286,14.137,14.142,9.265,9.273,2.664,575,24.378,0,,,,,
l2,linear AR H=12,,per-patient,False,30,12,2020,6,14987,19.725,19.875,14.468,14.497,10.313,10.307,2.378,584,22.222,0,,,,,
l2,linear AR H=12,,per-patient,False,30,12,pooled,12,30501,19.944,20.085,14.302,14.317,9.789,9.781,2.418,575,24.378,0,,,,,
l2,linear AR H=12,,per-patient,False,60,12,2018,6,15384,32.964,33.035,24.524,24.498,16.365,16.356,3.241,575,37.554,0,,,,,
l2,linear AR H=12,,per-patient,False,60,12,2020,6,14786,34.821,35.146,26.517,26.572,19.258,19.227,4.642,540,41.159,0,,,,,
l2,linear AR H=12,,per-patient,False,60,12,pooled,12,30170,33.893,34.086,25.52,25.514,17.811,17.763,3.938,540,41.159,0,,,,,
l2,linear AR H=12,,per-patient,True,30,12,2018,6,15514,19.566,19.697,13.591,13.604,8.898,8.91,2.651,575,23.552,0,,,,,
l2,linear AR H=12,,per-patient,True,30,12,2020,6,14987,18.616,18.739,13.6,13.603,9.718,9.691,2.324,584,21.036,0,,,,,
l2,linear AR H=12,,per-patient,True,30,12,pooled,12,30501,19.091,19.232,13.595,13.604,9.308,9.294,2.428,575,23.552,0,,,,,
l2,linear AR H=12,,per-patient,True,60,12,2018,6,15384,31.94,32.021,23.614,23.619,15.734,15.743,2.849,575,35.993,0,,,,,
l2,linear AR H=12,,per-patient,True,60,12,2020,6,14786,32.512,32.811,24.58,24.575,17.829,17.746,4.673,540,38.885,0,,,,,
l2,linear AR H=12,,per-patient,True,60,12,pooled,12,30170,32.226,32.41,24.097,24.087,16.781,16.725,3.702,540,38.885,0,,,,,
l2,linear AR H=12,,population (LOPO),False,30,12,2018,6,15514,20.178,20.268,14.225,14.225,9.28,9.279,2.321,575,23.876,0,,,,,
l2,linear AR H=12,,population (LOPO),False,30,12,2020,6,14987,20.04,20.195,14.717,14.739,10.538,10.532,2.499,540,22.851,0,,,,,
l2,linear AR H=12,,population (LOPO),False,30,12,pooled,12,30501,20.109,20.232,14.471,14.478,9.909,9.895,2.301,575,23.876,0,,,,,
l2,linear AR H=12,,population (LOPO),False,60,12,2018,6,15384,33.405,33.437,25.053,25.029,16.62,16.599,2.528,575,36.373,0,,,,,
l2,linear AR H=12,,population (LOPO),False,60,12,2020,6,14786,34.987,35.282,26.664,26.698,19.457,19.435,4.6,540,40.909,0,,,,,
l2,linear AR H=12,,population (LOPO),False,60,12,pooled,12,30170,34.196,34.353,25.858,25.847,18.038,17.989,3.634,540,40.909,0,,,,,
l2,linear AR H=12,,population (LOPO),True,30,12,2018,6,15514,19.742,19.843,13.863,13.865,9.069,9.071,2.4,575,23.311,0,,,,,
l2,linear AR H=12,,population (LOPO),True,30,12,2020,6,14987,19.468,19.619,14.296,14.325,10.203,10.201,2.358,540,22.27,0,,,,,
l2,linear AR H=12,,population (LOPO),True,30,12,pooled,12,30501,19.605,19.733,14.08,14.091,9.636,9.626,2.273,575,23.311,0,,,,,
l2,linear AR H=12,,population (LOPO),True,60,12,2018,6,15384,32.789,32.811,24.454,24.437,16.317,16.303,2.216,575,35.388,0,,,,,
l2,linear AR H=12,,population (LOPO),True,60,12,2020,6,14786,33.94,34.23,25.897,25.954,18.799,18.794,4.199,540,39.963,0,,,,,
l2,linear AR H=12,,population (LOPO),True,60,12,pooled,12,30170,33.364,33.514,25.175,25.181,17.558,17.523,3.257,540,39.963,0,,,,,
l2,linear AR H=24,,per-patient,False,30,24,2018,6,15202,20.097,20.257,14.088,14.105,9.243,9.266,2.867,575,24.717,0,,,,,
l2,linear AR H=24,,per-patient,False,30,24,2020,6,14476,19.787,19.917,14.506,14.523,10.291,10.272,2.34,584,22.411,0,,,,,
l2,linear AR H=24,,per-patient,False,30,24,pooled,12,29678,19.942,20.092,14.297,14.309,9.767,9.756,2.5,575,24.717,0,,,,,
l2,linear AR H=24,,per-patient,False,60,24,2018,6,15072,32.742,32.844,24.334,24.315,16.221,16.235,3.48,575,38.023,0,,,,,
l2,linear AR H=24,,per-patient,False,60,24,2020,6,14270,34.826,35.119,26.53,26.573,19.123,19.07,4.502,540,40.95,0,,,,,
l2,linear AR H=24,,per-patient,False,60,24,pooled,12,29342,33.784,33.969,25.432,25.413,17.672,17.614,3.988,540,40.95,0,,,,,
l2,linear AR H=24,,per-patient,True,30,24,2018,6,15202,19.417,19.59,13.471,13.504,8.839,8.869,2.783,575,23.564,0,,,,,
l2,linear AR H=24,,per-patient,True,30,24,2020,6,14476,18.613,18.72,13.556,13.548,9.61,9.571,2.273,584,21.003,0,,,,,
l2,linear AR H=24,,per-patient,True,30,24,pooled,12,29678,19.015,19.171,13.513,13.525,9.224,9.211,2.459,575,23.564,0,,,,,
l2,linear AR H=24,,per-patient,True,60,24,2018,6,15072,31.575,31.719,23.271,23.305,15.519,15.56,3.104,575,36.117,0,,,,,
l2,linear AR H=24,,per-patient,True,60,24,2020,6,14270,32.367,32.659,24.396,24.381,17.494,17.398,4.641,540,38.933,0,,,,,
l2,linear AR H=24,,per-patient,True,60,24,pooled,12,29342,31.971,32.179,23.834,23.828,16.507,16.454,3.787,540,38.933,0,,,,,
l2,linear AR H=24,,population (LOPO),False,30,24,2018,6,15202,20.074,20.192,14.132,14.14,9.222,9.234,2.489,575,24.042,0,,,,,
l2,linear AR H=24,,population (LOPO),False,30,24,2020,6,14476,20.126,20.264,14.77,14.783,10.527,10.513,2.496,540,22.847,0,,,,,
l2,linear AR H=24,,population (LOPO),False,30,24,pooled,12,29678,20.1,20.227,14.451,14.454,9.874,9.858,2.377,575,24.042,0,,,,,
l2,linear AR H=24,,population (LOPO),False,60,24,2018,6,15072,33.138,33.172,24.813,24.79,16.423,16.425,2.509,575,36.397,0,,,,,
l2,linear AR H=24,,population (LOPO),False,60,24,2020,6,14270,35.045,35.308,26.681,26.708,19.348,19.314,4.501,540,40.776,0,,,,,
l2,linear AR H=24,,population (LOPO),False,60,24,pooled,12,29342,34.091,34.228,25.747,25.722,17.885,17.83,3.614,540,40.776,0,,,,,
l2,linear AR H=24,,population (LOPO),True,30,24,2018,6,15202,19.689,19.82,13.788,13.801,9.022,9.037,2.547,575,23.456,0,,,,,
l2,linear AR H=24,,population (LOPO),True,30,24,2020,6,14476,19.545,19.684,14.35,14.379,10.19,10.187,2.347,540,22.261,0,,,,,
l2,linear AR H=24,,population (LOPO),True,30,24,pooled,12,29678,19.617,19.754,14.069,14.083,9.606,9.598,2.336,575,23.456,0,,,,,
l2,linear AR H=24,,population (LOPO),True,60,24,2018,6,15072,32.664,32.701,24.288,24.277,16.156,16.162,2.23,575,35.414,0,,,,,
l2,linear AR H=24,,population (LOPO),True,60,24,2020,6,14270,33.979,34.259,25.906,25.983,18.68,18.688,4.068,540,39.958,0,,,,,
l2,linear AR H=24,,population (LOPO),True,60,24,pooled,12,29342,33.322,33.468,25.097,25.106,17.418,17.39,3.202,540,39.958,0,,,,,
p0,persistence,,none,False,30,6,2018,6,15673,22.608,22.695,16.405,16.396,10.624,10.618,2.463,575,25.69,0,,,,,
p0,persistence,,none,False,30,6,2020,6,15239,24.165,24.39,17.618,17.662,12.17,12.186,3.277,540,28.448,0,,,,,
p0,persistence,,none,False,30,6,pooled,12,30912,23.386,23.546,17.012,17.02,11.397,11.391,2.881,540,28.448,0,,,,,
p0,persistence,,none,False,60,6,2018,6,15540,36.814,36.875,27.486,27.456,18.075,18.051,3.251,559,39.867,0,,,,,
p0,persistence,,none,False,60,6,2020,6,15039,40.275,40.678,29.921,30.009,20.823,20.852,5.609,540,47.521,0,,,,,
p0,persistence,,none,False,60,6,pooled,12,30579,38.544,38.792,28.703,28.711,19.449,19.429,4.73,540,47.521,0,,,,,
p0,persistence,,none,False,30,12,2018,6,15514,22.568,22.657,16.381,16.374,10.617,10.614,2.499,575,25.51,0,,,,,
p0,persistence,,none,False,30,12,2020,6,14987,24.14,24.358,17.584,17.629,12.136,12.153,3.242,540,28.329,0,,,,,
p0,persistence,,none,False,30,12,pooled,12,30501,23.354,23.508,16.982,16.991,11.376,11.37,2.879,540,28.329,0,,,,,
p0,persistence,,none,False,60,12,2018,6,15384,36.689,36.75,27.408,27.38,18.048,18.03,3.256,559,39.828,0,,,,,
p0,persistence,,none,False,60,12,2020,6,14786,40.208,40.604,29.832,29.923,20.715,20.748,5.551,540,47.295,0,,,,,
p0,persistence,,none,False,60,12,pooled,12,30170,38.449,38.687,28.62,28.626,19.382,19.362,4.712,540,47.295,0,,,,,
p0,persistence,,none,False,30,24,2018,6,15202,22.425,22.525,16.262,16.266,10.541,10.552,2.506,575,25.284,0,,,,,
p0,persistence,,none,False,30,24,2020,6,14476,24.186,24.387,17.57,17.615,12.056,12.072,3.164,540,28.257,0,,,,,
p0,persistence,,none,False,30,24,pooled,12,29678,23.306,23.452,16.916,16.924,11.299,11.294,2.872,540,28.257,0,,,,,
p0,persistence,,none,False,60,24,2018,6,15072,36.386,36.455,27.14,27.124,17.808,17.818,3.199,591,39.266,0,,,,,
p0,persistence,,none,False,60,24,2020,6,14270,40.225,40.59,29.75,29.851,20.477,20.511,5.346,540,47.036,0,,,,,
p0,persistence,,none,False,60,24,pooled,12,29342,38.306,38.522,28.445,28.45,19.143,19.128,4.654,540,47.036,0,,,,,
