method,horizon_min,level,patient,cohort,n_patients,n,clarke_zone_A_n,clarke_zone_A_pct,clarke_zone_B_n,clarke_zone_B_pct,clarke_zone_C_n,clarke_zone_C_pct,clarke_zone_D_n,clarke_zone_D_pct,clarke_zone_E_n,clarke_zone_E_pct,clarke_zone_AB_pct,parkes_zone_A_n,parkes_zone_A_pct,parkes_zone_B_n,parkes_zone_B_pct,parkes_zone_C_n,parkes_zone_C_pct,parkes_zone_D_n,parkes_zone_D_pct,parkes_zone_E_n,parkes_zone_E_pct,parkes_zone_AB_pct,mard_pct,tir_agreement,tir_both_in_range,tir_both_out_of_range,tir_ref_in_pred_out,tir_ref_out_pred_in,tir_reference_in_range_pct,hypo70_n_events,hypo70_tp,hypo70_fn,hypo70_fp,hypo70_tn,hypo70_sensitivity,hypo70_specificity,hypo70_ppv,hypo70_n_events_at_sensor_floor,hypo70_share_of_events_at_floor,hypo70_censored,hypo70_caveat,hypo54_n_events,hypo54_tp,hypo54_fn,hypo54_fp,hypo54_tn,hypo54_sensitivity,hypo54_specificity,hypo54_ppv,hypo54_n_events_at_sensor_floor,hypo54_share_of_events_at_floor,hypo54_censored,hypo54_caveat
l2 linear AR H=24 per-patient +cov,30,patient,559,2018,1,2253,2093,92.898,144,6.391,0,0.0,16,0.71,0,0.0,99.289,2116,93.919,135,5.992,2,0.089,0,0.0,0,0.0,99.911,8.14,0.9134,1178,880,79,116,55.792,70,52,18,17,2166,0.7429,0.9922,0.7536,0,0.0,False,,31,7,24,2,2220,0.2258,0.9991,0.7778,0,0.0,False,
l2 linear AR H=24 per-patient +cov,30,patient,563,2018,1,2541,2338,92.011,187,7.359,2,0.079,13,0.512,1,0.039,99.37,2346,92.326,189,7.438,6,0.236,0,0.0,0,0.0,99.764,8.104,0.8867,1402,851,127,161,60.173,14,5,9,24,2503,0.3571,0.9905,0.1724,0,0.0,False,,0,0,0,2,2539,nan,0.9992,0.0,0,nan,False,
l2 linear AR H=24 per-patient +cov,30,patient,570,2018,1,2542,2437,95.869,98,3.855,0,0.0,7,0.275,0,0.0,99.724,2458,96.696,84,3.304,0,0.0,0,0.0,0,0.0,100.0,5.955,0.9406,738,1653,72,79,31.865,9,1,8,8,2525,0.1111,0.9968,0.1111,0,0.0,False,,0,0,0,0,2542,nan,1.0,nan,0,nan,False,
l2 linear AR H=24 per-patient +cov,30,patient,575,2018,1,2431,2141,88.071,248,10.202,4,0.165,36,1.481,2,0.082,98.273,2157,88.729,255,10.49,19,0.782,0,0.0,0,0.0,99.219,10.407,0.8828,1455,691,108,177,64.295,134,83,51,31,2266,0.6194,0.9865,0.7281,9,0.0672,True,"9 of 134 reference events sit at the 40 mg/dL sensor floor: their true depth is unknown and errors below the floor are unmeasurable, so this figure is biased optimistic",35,11,24,21,2375,0.3143,0.9912,0.3438,9,0.2571,True,"9 of 35 reference events sit at the 40 mg/dL sensor floor: their true depth is unknown and errors below the floor are unmeasurable, so this figure is biased optimistic"
l2 linear AR H=24 per-patient +cov,30,patient,588,2018,1,2733,2493,91.218,236,8.635,0,0.0,4,0.146,0,0.0,99.853,2527,92.462,206,7.538,0,0.0,0,0.0,0,0.0,100.0,8.226,0.8752,1335,1057,154,187,54.482,3,0,3,4,2726,0.0,0.9985,0.0,0,0.0,False,,0,0,0,0,2733,nan,1.0,nan,0,nan,False,
l2 linear AR H=24 per-patient +cov,30,patient,591,2018,1,2702,2213,81.902,412,15.248,2,0.074,74,2.739,1,0.037,97.15,2330,86.232,353,13.064,19,0.703,0,0.0,0,0.0,99.296,12.203,0.856,1692,621,128,261,67.358,122,29,93,21,2559,0.2377,0.9919,0.58,0,0.0,False,,14,0,14,10,2678,0.0,0.9963,0.0,0,0.0,False,
l2 linear AR H=24 per-patient +cov,30,patient,540,2020,1,2739,2324,84.848,371,13.545,0,0.0,43,1.57,1,0.037,98.393,2419,88.317,317,11.574,3,0.11,0,0.0,0,0.0,99.891,10.758,0.8908,1596,844,112,187,62.359,122,52,70,39,2578,0.4262,0.9851,0.5714,0,0.0,False,,11,3,8,8,2720,0.2727,0.9971,0.2727,0,0.0,False,
l2 linear AR H=24 per-patient +cov,30,patient,544,2020,1,2617,2449,93.58,163,6.229,0,0.0,5,0.191,0,0.0,99.809,2469,94.345,144,5.502,4,0.153,0,0.0,0,0.0,99.847,7.869,0.9152,1647,748,124,98,67.673,28,6,22,13,2576,0.2143,0.995,0.3158,0,0.0,False,,0,0,0,0,2617,nan,1.0,nan,0,nan,False,
l2 linear AR H=24 per-patient +cov,30,patient,552,2020,1,2142,1865,87.068,240,11.204,0,0.0,37,1.727,0,0.0,98.272,1948,90.943,192,8.964,2,0.093,0,0.0,0,0.0,99.907,10.31,0.915,1596,364,84,98,78.431,64,15,49,19,2059,0.2344,0.9909,0.4412,0,0.0,False,,8,0,8,8,2126,0.0,0.9963,0.0,0,0.0,False,
l2 linear AR H=24 per-patient +cov,30,patient,567,2020,1,2116,1856,87.713,201,9.499,0,0.0,59,2.788,0,0.0,97.212,1918,90.643,193,9.121,5,0.236,0,0.0,0,0.0,99.764,10.34,0.8596,1352,467,97,200,68.478,177,62,115,9,1930,0.3503,0.9954,0.8732,0,0.0,False,,6,0,6,1,2109,0.0,0.9995,0.0,0,0.0,False,
l2 linear AR H=24 per-patient +cov,30,patient,584,2020,1,2305,2034,88.243,257,11.15,0,0.0,14,0.607,0,0.0,99.393,2083,90.369,219,9.501,3,0.13,0,0.0,0,0.0,99.87,9.824,0.8959,1243,822,121,119,59.176,17,5,12,10,2278,0.2941,0.9956,0.3333,0,0.0,False,,3,0,3,2,2300,0.0,0.9991,0.0,0,0.0,False,
l2 linear AR H=24 per-patient +cov,30,patient,596,2020,1,2557,2334,91.279,192,7.509,0,0.0,31,1.212,0,0.0,98.788,2388,93.391,165,6.453,4,0.156,0,0.0,0,0.0,99.844,8.558,0.9101,1780,547,91,139,73.172,58,28,30,22,2477,0.4828,0.9912,0.56,0,0.0,False,,5,0,5,6,2546,0.0,0.9976,0.0,0,0.0,False,
l2 linear AR H=24 per-patient +cov,30,cohort,,2018,6,15202,13715,90.218,1325,8.716,8,0.053,150,0.987,4,0.026,98.934,13934,91.659,1222,8.038,46,0.303,0,0.0,0,0.0,99.697,8.869,0.8915,7800,5753,668,981,55.703,352,170,182,105,14745,0.483,0.9929,0.6182,9,0.0256,True,"9 of 352 reference events sit at the 40 mg/dL sensor floor: their true depth is unknown and errors below the floor are unmeasurable, so this figure is biased optimistic",80,18,62,35,15087,0.225,0.9977,0.3396,9,0.1125,True,"9 of 80 reference events sit at the 40 mg/dL sensor floor: their true depth is unknown and errors below the floor are unmeasurable, so this figure is biased optimistic"
l2 linear AR H=24 per-patient +cov,30,cohort,,2020,6,14476,12862,88.851,1424,9.837,0,0.0,189,1.306,1,0.007,98.688,13225,91.358,1230,8.497,21,0.145,0,0.0,0,0.0,99.855,9.571,0.8985,9214,3792,629,841,67.995,466,168,298,112,13898,0.3605,0.992,0.6,0,0.0,False,,33,3,30,25,14418,0.0909,0.9983,0.1071,0,0.0,False,
l2 linear AR H=24 per-patient +cov,30,pooled,,pooled,12,29678,26577,89.551,2749,9.263,8,0.027,339,1.142,5,0.017,98.814,27159,91.512,2452,8.262,67,0.226,0,0.0,0,0.0,99.774,9.211,0.8949,17014,9545,1297,1822,61.699,818,338,480,217,28643,0.4132,0.9925,0.609,9,0.011,True,"9 of 818 reference events sit at the 40 mg/dL sensor floor: their true depth is unknown and errors below the floor are unmeasurable, so this figure is biased optimistic",113,21,92,60,29505,0.1858,0.998,0.2593,9,0.0796,True,"9 of 113 reference events sit at the 40 mg/dL sensor floor: their true depth is unknown and errors below the floor are unmeasurable, so this figure is biased optimistic"
l2 linear AR H=24 per-patient +cov,60,patient,559,2018,1,2200,1699,77.227,432,19.636,6,0.273,63,2.864,0,0.0,96.863,1785,81.136,400,18.182,15,0.682,0,0.0,0,0.0,99.318,14.637,0.8264,1098,720,125,257,55.591,64,7,57,11,2125,0.1094,0.9949,0.3889,0,0.0,False,,25,0,25,0,2175,0.0,1.0,nan,0,0.0,False,
l2 linear AR H=24 per-patient +cov,60,patient,563,2018,1,2535,1984,78.264,505,19.921,3,0.118,40,1.578,3,0.118,98.185,1942,76.607,560,22.091,32,1.262,1,0.039,0,0.0,98.698,13.54,0.8118,1372,686,151,326,60.079,14,3,11,17,2504,0.2143,0.9933,0.15,0,0.0,False,,0,0,0,5,2530,nan,0.998,0.0,0,nan,False,
l2 linear AR H=24 per-patient +cov,60,patient,570,2018,1,2514,2189,87.072,310,12.331,0,0.0,15,0.597,0,0.0,99.403,2254,89.658,248,9.865,12,0.477,0,0.0,0,0.0,99.523,10.709,0.9014,703,1563,107,141,32.22,9,0,9,2,2503,0.0,0.9992,0.0,0,0.0,False,,0,0,0,0,2514,nan,1.0,nan,0,nan,False,
l2 linear AR H=24 per-patient +cov,60,patient,575,2018,1,2412,1582,65.589,678,28.109,20,0.829,132,5.473,0,0.0,93.698,1731,71.766,612,25.373,69,2.861,0,0.0,0,0.0,97.139,18.845,0.7832,1390,499,153,370,63.972,134,37,97,25,2253,0.2761,0.989,0.5968,9,0.0672,True,"9 of 134 reference events sit at the 40 mg/dL sensor floor: their true depth is unknown and errors below the floor are unmeasurable, so this figure is biased optimistic",35,8,27,23,2354,0.2286,0.9903,0.2581,9,0.2571,True,"9 of 35 reference events sit at the 40 mg/dL sensor floor: their true depth is unknown and errors below the floor are unmeasurable, so this figure is biased optimistic"
l2 linear AR H=24 per-patient +cov,60,patient,588,2018,1,2721,2074,76.222,621,22.822,5,0.184,21,0.772,0,0.0,99.044,2063,75.818,645,23.705,13,0.478,0,0.0,0,0.0,99.523,13.908,0.8004,1285,893,197,346,54.465,3,0,3,0,2718,0.0,1.0,nan,0,0.0,False,,0,0,0,0,2721,nan,1.0,nan,0,nan,False,
l2 linear AR H=24 per-patient +cov,60,patient,591,2018,1,2690,1628,60.52,900,33.457,10,0.372,151,5.613,1,0.037,93.977,1703,63.309,868,32.268,114,4.238,5,0.186,0,0.0,95.577,21.478,0.7591,1623,419,185,463,67.212,122,1,121,13,2555,0.0082,0.9949,0.0714,0,0.0,False,,14,0,14,2,2674,0.0,0.9993,0.0,0,0.0,False,
l2 linear AR H=24 per-patient +cov,60,patient,540,2020,1,2720,1592,58.529,970,35.662,3,0.11,155,5.699,0,0.0,94.191,1693,62.243,961,35.331,65,2.39,1,0.037,0,0.0,97.574,20.601,0.8092,1566,635,140,379,62.721,116,3,113,24,2580,0.0259,0.9908,0.1111,0,0.0,False,,7,0,7,10,2703,0.0,0.9963,0.0,0,0.0,False,
l2 linear AR H=24 per-patient +cov,60,patient,544,2020,1,2599,1974,75.952,583,22.432,0,0.0,41,1.578,1,0.038,98.384,2071,79.684,515,19.815,13,0.5,0,0.0,0,0.0,99.499,14.111,0.8484,1563,642,196,198,67.68,28,0,28,5,2566,0.0,0.9981,0.0,0,0.0,False,,0,0,0,0,2599,nan,1.0,nan,0,nan,False,
l2 linear AR H=24 per-patient +cov,60,patient,552,2020,1,2100,1265,60.238,757,36.048,0,0.0,78,3.714,0,0.0,96.286,1440,68.571,618,29.429,42,2.0,0,0.0,0,0.0,98.0,19.58,0.8643,1521,294,123,162,78.286,64,0,64,13,2023,0.0,0.9936,0.0,0,0.0,False,,8,0,8,3,2089,0.0,0.9986,0.0,0,0.0,False,
l2 linear AR H=24 per-patient +cov,60,patient,567,2020,1,2062,1231,59.699,648,31.426,8,0.388,175,8.487,0,0.0,91.125,1349,65.422,670,32.493,43,2.085,0,0.0,0,0.0,97.915,20.177,0.7662,1251,329,150,332,67.944,177,20,157,6,1879,0.113,0.9968,0.7692,0,0.0,False,,6,0,6,0,2056,0.0,1.0,nan,0,0.0,False,
l2 linear AR H=24 per-patient +cov,60,patient,584,2020,1,2262,1618,71.53,598,26.437,7,0.309,39,1.724,0,0.0,97.967,1713,75.729,518,22.9,31,1.37,0,0.0,0,0.0,98.629,15.916,0.821,1122,735,216,189,59.151,12,0,12,5,2245,0.0,0.9978,0.0,0,0.0,False,,0,0,0,1,2261,nan,0.9996,0.0,0,nan,False,
l2 linear AR H=24 per-patient +cov,60,patient,596,2020,1,2527,1935,76.573,543,21.488,0,0.0,49,1.939,0,0.0,98.061,1994,78.908,508,20.103,23,0.91,2,0.079,0,0.0,99.011,14.577,0.8453,1733,403,115,276,73.13,54,12,42,16,2457,0.2222,0.9935,0.4286,0,0.0,False,,5,0,5,3,2519,0.0,0.9988,0.0,0,0.0,False,
l2 linear AR H=24 per-patient +cov,60,cohort,,2018,6,15072,11156,74.018,3446,22.864,44,0.292,422,2.8,4,0.027,96.882,11478,76.154,3333,22.114,255,1.692,6,0.04,0,0.0,98.268,15.56,0.8128,7471,4780,918,1903,55.66,346,48,298,68,14658,0.1387,0.9954,0.4138,9,0.026,True,"9 of 346 reference events sit at the 40 mg/dL sensor floor: their true depth is unknown and errors below the floor are unmeasurable, so this figure is biased optimistic",74,8,66,30,14968,0.1081,0.998,0.2105,9,0.1216,True,"9 of 74 reference events sit at the 40 mg/dL sensor floor: their true depth is unknown and errors below the floor are unmeasurable, so this figure is biased optimistic"
l2 linear AR H=24 per-patient +cov,60,cohort,,2020,6,14270,9615,67.379,4099,28.725,18,0.126,537,3.763,1,0.007,96.104,10260,71.899,3790,26.559,217,1.521,3,0.021,0,0.0,98.458,17.398,0.8265,8756,3038,940,1536,67.947,451,35,416,69,13750,0.0776,0.995,0.3365,0,0.0,False,,26,0,26,17,14227,0.0,0.9988,0.0,0,0.0,False,
l2 linear AR H=24 per-patient +cov,60,pooled,,pooled,12,29342,20771,70.789,7545,25.714,62,0.211,959,3.268,5,0.017,96.503,21738,74.085,7123,24.276,472,1.609,9,0.031,0,0.0,98.361,16.454,0.8195,16227,7818,1858,3439,61.635,797,83,714,137,28408,0.1041,0.9952,0.3773,9,0.0113,True,"9 of 797 reference events sit at the 40 mg/dL sensor floor: their true depth is unknown and errors below the floor are unmeasurable, so this figure is biased optimistic",100,8,92,47,29195,0.08,0.9984,0.1455,9,0.09,True,"9 of 100 reference events sit at the 40 mg/dL sensor floor: their true depth is unknown and errors below the floor are unmeasurable, so this figure is biased optimistic"
p0 persistence,30,patient,559,2018,1,2253,1951,86.596,283,12.561,0,0.0,19,0.843,0,0.0,99.157,1963,87.128,287,12.739,3,0.133,0,0.0,0,0.0,99.867,10.427,0.8797,1123,859,134,137,55.792,70,53,17,19,2164,0.7571,0.9913,0.7361,0,0.0,False,,31,21,10,10,2212,0.6774,0.9955,0.6774,0,0.0,False,
p0 persistence,30,patient,563,2018,1,2541,2259,88.902,268,10.547,0,0.0,14,0.551,0,0.0,99.449,2277,89.61,255,10.035,9,0.354,0,0.0,0,0.0,99.645,9.693,0.8587,1346,836,183,176,60.173,14,4,10,10,2517,0.2857,0.996,0.2857,0,0.0,False,,0,0,0,0,2541,nan,1.0,nan,0,nan,False,
p0 persistence,30,patient,570,2018,1,2542,2384,93.784,150,5.901,0,0.0,8,0.315,0,0.0,99.685,2427,95.476,115,4.524,0,0.0,0,0.0,0,0.0,100.0,7.18,0.9245,714,1636,96,96,31.865,9,0,9,9,2524,0.0,0.9964,0.0,0,0.0,False,,0,0,0,0,2542,nan,1.0,nan,0,nan,False,
p0 persistence,30,patient,575,2018,1,2431,1944,79.967,447,18.387,0,0.0,40,1.645,0,0.0,98.354,1991,81.9,423,17.4,17,0.699,0,0.0,0,0.0,99.3,12.523,0.8638,1401,699,162,169,64.295,134,86,48,44,2253,0.6418,0.9808,0.6615,9,0.0672,True,"9 of 134 reference events sit at the 40 mg/dL sensor floor: their true depth is unknown and errors below the floor are unmeasurable, so this figure is biased optimistic",35,2,33,33,2363,0.0571,0.9862,0.0571,9,0.2571,True,"9 of 35 reference events sit at the 40 mg/dL sensor floor: their true depth is unknown and errors below the floor are unmeasurable, so this figure is biased optimistic"
p0 persistence,30,patient,588,2018,1,2733,2408,88.108,321,11.745,0,0.0,4,0.146,0,0.0,99.853,2425,88.73,307,11.233,1,0.037,0,0.0,0,0.0,99.963,9.727,0.865,1309,1055,180,189,54.482,3,0,3,3,2727,0.0,0.9989,0.0,0,0.0,False,,0,0,0,0,2733,nan,1.0,nan,0,nan,False,
p0 persistence,30,patient,591,2018,1,2702,2108,78.016,544,20.133,2,0.074,48,1.776,0,0.0,98.149,2186,80.903,492,18.209,24,0.888,0,0.0,0,0.0,99.112,13.698,0.8423,1605,671,215,211,67.358,122,55,67,65,2515,0.4508,0.9748,0.4583,0,0.0,False,,14,0,14,14,2674,0.0,0.9948,0.0,0,0.0,False,
p0 persistence,30,patient,540,2020,1,2739,2019,73.713,668,24.388,2,0.073,50,1.825,0,0.0,98.101,2132,77.839,587,21.431,20,0.73,0,0.0,0,0.0,99.27,14.45,0.8536,1506,832,202,199,62.359,122,64,58,60,2557,0.5246,0.9771,0.5161,0,0.0,False,,11,1,10,10,2718,0.0909,0.9963,0.0909,0,0.0,False,
p0 persistence,30,patient,544,2020,1,2617,2229,85.174,378,14.444,0,0.0,10,0.382,0,0.0,99.618,2251,86.015,364,13.909,2,0.076,0,0.0,0,0.0,99.924,10.89,0.8708,1601,678,170,168,67.673,28,11,17,17,2572,0.3929,0.9934,0.3929,0,0.0,False,,0,0,0,0,2617,nan,1.0,nan,0,nan,False,
p0 persistence,30,patient,552,2020,1,2142,1758,82.073,356,16.62,0,0.0,28,1.307,0,0.0,98.693,1808,84.407,324,15.126,10,0.467,0,0.0,0,0.0,99.533,11.383,0.9122,1592,362,88,100,78.431,64,27,37,37,2041,0.4219,0.9822,0.4219,0,0.0,False,,8,1,7,7,2127,0.125,0.9967,0.125,0,0.0,False,
p0 persistence,30,patient,567,2020,1,2116,1644,77.694,454,21.456,0,0.0,18,0.851,0,0.0,99.15,1689,79.82,421,19.896,6,0.284,0,0.0,0,0.0,99.716,13.586,0.8497,1294,504,155,163,68.478,177,147,30,20,1919,0.8305,0.9897,0.8802,0,0.0,False,,6,0,6,5,2105,0.0,0.9976,0.0,0,0.0,False,
p0 persistence,30,patient,584,2020,1,2305,1963,85.163,328,14.23,1,0.043,13,0.564,0,0.0,99.393,1997,86.638,306,13.275,2,0.087,0,0.0,0,0.0,99.913,10.983,0.8694,1219,785,145,156,59.176,17,6,11,17,2271,0.3529,0.9926,0.2609,0,0.0,False,,3,0,3,4,2298,0.0,0.9983,0.0,0,0.0,False,
p0 persistence,30,patient,596,2020,1,2557,2168,84.787,355,13.883,0,0.0,34,1.33,0,0.0,98.67,2225,87.016,325,12.71,7,0.274,0,0.0,0,0.0,99.726,11.043,0.878,1712,533,159,153,73.172,58,20,38,44,2455,0.3448,0.9824,0.3125,0,0.0,False,,5,0,5,5,2547,0.0,0.998,0.0,0,0.0,False,
p0 persistence,30,cohort,,2018,6,15202,13054,85.87,2013,13.242,2,0.013,133,0.875,0,0.0,99.112,13269,87.285,1879,12.36,54,0.355,0,0.0,0,0.0,99.645,10.552,0.8719,7498,5756,970,978,55.703,352,198,154,150,14700,0.5625,0.9899,0.569,9,0.0256,True,"9 of 352 reference events sit at the 40 mg/dL sensor floor: their true depth is unknown and errors below the floor are unmeasurable, so this figure is biased optimistic",80,23,57,57,15065,0.2875,0.9962,0.2875,9,0.1125,True,"9 of 80 reference events sit at the 40 mg/dL sensor floor: their true depth is unknown and errors below the floor are unmeasurable, so this figure is biased optimistic"
p0 persistence,30,cohort,,2020,6,14476,11781,81.383,2539,17.539,3,0.021,153,1.057,0,0.0,98.922,12102,83.6,2327,16.075,47,0.325,0,0.0,0,0.0,99.675,12.072,0.8716,8924,3694,919,939,67.995,466,275,191,195,13815,0.5901,0.9861,0.5851,0,0.0,False,,33,2,31,31,14412,0.0606,0.9979,0.0606,0,0.0,False,
p0 persistence,30,pooled,,pooled,12,29678,24835,83.682,4552,15.338,5,0.017,286,0.964,0,0.0,99.02,25371,85.488,4206,14.172,101,0.34,0,0.0,0,0.0,99.66,11.294,0.8718,16422,9450,1889,1917,61.699,818,473,345,345,28515,0.5782,0.988,0.5782,9,0.011,True,"9 of 818 reference events sit at the 40 mg/dL sensor floor: their true depth is unknown and errors below the floor are unmeasurable, so this figure is biased optimistic",113,25,88,88,29477,0.2212,0.997,0.2212,9,0.0796,True,"9 of 113 reference events sit at the 40 mg/dL sensor floor: their true depth is unknown and errors below the floor are unmeasurable, so this figure is biased optimistic"
p0 persistence,60,patient,559,2018,1,2200,1489,67.682,636,28.909,18,0.818,57,2.591,0,0.0,96.591,1564,71.091,599,27.227,37,1.682,0,0.0,0,0.0,98.318,18.053,0.7814,982,737,241,240,55.591,64,35,29,37,2099,0.5469,0.9827,0.4861,0,0.0,False,,25,15,10,16,2159,0.6,0.9926,0.4839,0,0.0,False,
p0 persistence,60,patient,563,2018,1,2535,1815,71.598,683,26.943,7,0.276,30,1.183,0,0.0,98.541,1843,72.702,664,26.193,28,1.105,0,0.0,0,0.0,98.895,16.228,0.7606,1213,715,310,297,60.079,14,0,14,14,2507,0.0,0.9944,0.0,0,0.0,False,,0,0,0,0,2535,nan,1.0,nan,0,nan,False,
p0 persistence,60,patient,570,2018,1,2514,2081,82.776,418,16.627,0,0.0,15,0.597,0,0.0,99.403,2157,85.8,352,14.002,5,0.199,0,0.0,0,0.0,99.802,12.742,0.8711,650,1540,160,164,32.22,9,0,9,9,2496,0.0,0.9964,0.0,0,0.0,False,,0,0,0,0,2514,nan,1.0,nan,0,nan,False,
p0 persistence,60,patient,575,2018,1,2412,1563,64.801,748,31.012,14,0.58,83,3.441,4,0.166,95.813,1619,67.123,709,29.395,73,3.027,11,0.456,0,0.0,96.518,20.769,0.7774,1281,594,262,275,63.972,134,50,84,80,2198,0.3731,0.9649,0.3846,9,0.0672,True,"9 of 134 reference events sit at the 40 mg/dL sensor floor: their true depth is unknown and errors below the floor are unmeasurable, so this figure is biased optimistic",35,6,29,29,2348,0.1714,0.9878,0.1714,9,0.2571,True,"9 of 35 reference events sit at the 40 mg/dL sensor floor: their true depth is unknown and errors below the floor are unmeasurable, so this figure is biased optimistic"
p0 persistence,60,patient,588,2018,1,2721,1921,70.599,762,28.004,13,0.478,25,0.919,0,0.0,98.603,1930,70.93,766,28.151,25,0.919,0,0.0,0,0.0,99.081,16.3,0.7879,1203,941,279,298,54.465,3,0,3,3,2715,0.0,0.9989,0.0,0,0.0,False,,0,0,0,0,2721,nan,1.0,nan,0,nan,False,
p0 persistence,60,patient,591,2018,1,2690,1514,56.283,1050,39.033,14,0.52,109,4.052,3,0.112,95.316,1663,61.822,930,34.572,88,3.271,9,0.335,0,0.0,96.394,22.759,0.742,1456,540,352,342,67.212,122,19,103,101,2467,0.1557,0.9607,0.1583,0,0.0,False,,14,0,14,14,2662,0.0,0.9948,0.0,0,0.0,False,
p0 persistence,60,patient,540,2020,1,2720,1472,54.118,1085,39.89,45,1.654,116,4.265,2,0.074,94.008,1571,57.757,1035,38.051,104,3.824,10,0.368,0,0.0,95.808,24.712,0.7643,1378,701,328,313,62.721,116,40,76,88,2516,0.3448,0.9662,0.3125,0,0.0,False,,7,0,7,11,2702,0.0,0.9959,0.0,0,0.0,False,
p0 persistence,60,patient,544,2020,1,2599,1617,62.216,952,36.629,0,0.0,25,0.962,5,0.192,98.845,1762,67.795,806,31.012,31,1.193,0,0.0,0,0.0,98.807,18.677,0.7715,1461,544,298,296,67.68,28,7,21,21,2550,0.25,0.9918,0.25,0,0.0,False,,0,0,0,0,2599,nan,1.0,nan,0,nan,False,
p0 persistence,60,patient,552,2020,1,2100,1362,64.857,675,32.143,3,0.143,60,2.857,0,0.0,97.0,1427,67.952,638,30.381,32,1.524,3,0.143,0,0.0,98.333,18.992,0.8562,1508,290,136,166,78.286,64,6,58,55,1981,0.0938,0.973,0.0984,0,0.0,False,,8,0,8,8,2084,0.0,0.9962,0.0,0,0.0,False,
p0 persistence,60,patient,567,2020,1,2062,1089,52.813,873,42.338,36,1.746,64,3.104,0,0.0,95.151,1125,54.559,851,41.271,86,4.171,0,0.0,0,0.0,95.83,23.817,0.7304,1132,374,269,287,67.944,177,119,58,37,1848,0.6723,0.9804,0.7628,0,0.0,False,,6,0,6,5,2051,0.0,0.9976,0.0,0,0.0,False,
p0 persistence,60,patient,584,2020,1,2262,1514,66.932,668,29.531,27,1.194,53,2.343,0,0.0,96.463,1561,69.01,675,29.841,26,1.149,0,0.0,0,0.0,98.851,17.781,0.7838,1099,674,239,250,59.151,12,0,12,20,2230,0.0,0.9911,0.0,0,0.0,False,,0,0,0,3,2259,nan,0.9987,0.0,0,nan,False,
p0 persistence,60,patient,596,2020,1,2527,1652,65.374,807,31.935,3,0.119,63,2.493,2,0.079,97.309,1729,68.421,733,29.007,61,2.414,4,0.158,0,0.0,97.428,18.883,0.7986,1587,431,261,248,73.13,54,8,46,56,2417,0.1481,0.9774,0.125,0,0.0,False,,5,0,5,5,2517,0.0,0.998,0.0,0,0.0,False,
p0 persistence,60,cohort,,2018,6,15072,10383,68.889,4297,28.51,66,0.438,319,2.117,7,0.046,97.399,10776,71.497,4020,26.672,256,1.699,20,0.133,0,0.0,98.169,17.818,0.7864,6785,5067,1604,1616,55.66,346,104,242,244,14482,0.3006,0.9834,0.2989,9,0.026,True,"9 of 346 reference events sit at the 40 mg/dL sensor floor: their true depth is unknown and errors below the floor are unmeasurable, so this figure is biased optimistic",74,21,53,59,14939,0.2838,0.9961,0.2625,9,0.1216,True,"9 of 74 reference events sit at the 40 mg/dL sensor floor: their true depth is unknown and errors below the floor are unmeasurable, so this figure is biased optimistic"
p0 persistence,60,cohort,,2020,6,14270,8706,61.009,5060,35.459,114,0.799,381,2.67,9,0.063,96.468,9175,64.296,4738,33.203,340,2.383,17,0.119,0,0.0,97.499,20.511,0.7834,8165,3014,1531,1560,67.947,451,180,271,277,13542,0.3991,0.98,0.3939,0,0.0,False,,26,0,26,32,14212,0.0,0.9978,0.0,0,0.0,False,
p0 persistence,60,pooled,,pooled,12,29342,19089,65.057,9357,31.889,180,0.613,700,2.386,16,0.055,96.946,19951,67.995,8758,29.848,596,2.031,37,0.126,0,0.0,97.843,19.128,0.7849,14950,8081,3135,3176,61.635,797,284,513,521,28024,0.3563,0.9817,0.3528,9,0.0113,True,"9 of 797 reference events sit at the 40 mg/dL sensor floor: their true depth is unknown and errors below the floor are unmeasurable, so this figure is biased optimistic",100,21,79,91,29151,0.21,0.9969,0.1875,9,0.09,True,"9 of 100 reference events sit at the 40 mg/dL sensor floor: their true depth is unknown and errors below the floor are unmeasurable, so this figure is biased optimistic"
