patient,cohort,split,horizon_min,horizon_steps,history_steps,readings,expected_readings,candidate_targets,evaluable_targets,fraction_of_readings,fraction_of_expected,fraction_of_candidates,evaluable_interpolated_history,evaluable_clean_history,dropped_gap_over_30min,dropped_no_history
559,2018,train,30,6,6,10796,12080,10796,10389,0.9623,0.86,0.9623,52,10337,396,11
559,2018,train,30,6,12,10796,12080,10796,10167,0.9417,0.8416,0.9417,88,10079,612,17
559,2018,train,30,6,24,10796,12080,10796,9734,0.9016,0.8058,0.9016,160,9574,1033,29
559,2018,train,60,12,6,10796,12080,10796,10191,0.944,0.8436,0.944,52,10139,588,17
559,2018,train,60,12,12,10796,12080,10796,9971,0.9236,0.8254,0.9236,88,9883,802,23
559,2018,train,60,12,24,10796,12080,10796,9548,0.8844,0.7904,0.8844,160,9388,1213,35
559,2018,test,30,6,6,2514,2876,2514,2415,0.9606,0.8397,0.9606,15,2400,99,0
559,2018,test,30,6,12,2514,2876,2514,2361,0.9391,0.8209,0.9391,27,2334,153,0
559,2018,test,30,6,24,2514,2876,2514,2253,0.8962,0.7834,0.8962,51,2202,261,0
559,2018,test,60,12,6,2514,2876,2514,2362,0.9395,0.8213,0.9395,15,2347,152,0
559,2018,test,60,12,12,2514,2876,2514,2308,0.9181,0.8025,0.9181,27,2281,206,0
559,2018,test,60,12,24,2514,2876,2514,2200,0.8751,0.765,0.8751,51,2149,314,0
563,2018,train,30,6,6,12124,13097,12124,11992,0.9891,0.9156,0.9891,84,11908,121,11
563,2018,train,30,6,12,12124,13097,12124,11920,0.9832,0.9101,0.9832,144,11776,187,17
563,2018,train,30,6,24,12124,13097,12124,11776,0.9713,0.8991,0.9713,264,11512,319,29
563,2018,train,60,12,6,12124,13097,12124,11925,0.9836,0.9105,0.9836,84,11841,182,17
563,2018,train,60,12,12,12124,13097,12124,11853,0.9776,0.905,0.9776,144,11709,248,23
563,2018,train,60,12,24,12124,13097,12124,11709,0.9658,0.894,0.9658,264,11445,380,35
563,2018,test,30,6,6,2570,2691,2570,2559,0.9957,0.9509,0.9957,14,2545,11,0
563,2018,test,30,6,12,2570,2691,2570,2553,0.9934,0.9487,0.9934,26,2527,17,0
563,2018,test,30,6,24,2570,2691,2570,2541,0.9887,0.9443,0.9887,50,2491,29,0
563,2018,test,60,12,6,2570,2691,2570,2553,0.9934,0.9487,0.9934,14,2539,17,0
563,2018,test,60,12,12,2570,2691,2570,2547,0.9911,0.9465,0.9911,26,2521,23,0
563,2018,test,60,12,24,2570,2691,2570,2535,0.9864,0.942,0.9864,50,2485,35,0
570,2018,train,30,6,6,10982,11611,10982,10773,0.981,0.9278,0.981,14,10759,198,11
570,2018,train,30,6,12,10982,11611,10982,10659,0.9706,0.918,0.9706,26,10633,306,17
570,2018,train,30,6,24,10982,11611,10982,10432,0.9499,0.8985,0.9499,50,10382,521,29
570,2018,train,60,12,6,10982,11611,10982,10668,0.9714,0.9188,0.9714,14,10654,297,17
570,2018,train,60,12,12,10982,11611,10982,10554,0.961,0.909,0.961,26,10528,405,23
570,2018,train,60,12,24,10982,11611,10982,10327,0.9404,0.8894,0.9404,50,10277,620,35
570,2018,test,30,6,6,2745,2879,2745,2668,0.9719,0.9267,0.9719,16,2652,77,0
570,2018,test,30,6,12,2745,2879,2745,2626,0.9566,0.9121,0.9566,28,2598,119,0
570,2018,test,30,6,24,2745,2879,2745,2542,0.926,0.8829,0.926,52,2490,203,0
570,2018,test,60,12,6,2745,2879,2745,2640,0.9617,0.917,0.9617,16,2624,105,0
570,2018,test,60,12,12,2745,2879,2745,2598,0.9464,0.9024,0.9464,28,2570,147,0
570,2018,test,60,12,24,2745,2879,2745,2514,0.9158,0.8732,0.9158,52,2462,231,0
575,2018,train,30,6,6,11866,13103,11866,11415,0.962,0.8712,0.962,267,11148,440,11
575,2018,train,30,6,12,11866,13103,11866,11169,0.9413,0.8524,0.9413,453,10716,680,17
575,2018,train,30,6,24,11866,13103,11866,10681,0.9001,0.8152,0.9001,825,9856,1156,29
575,2018,train,60,12,6,11866,13103,11866,11243,0.9475,0.858,0.9475,261,10982,606,17
575,2018,train,60,12,12,11866,13103,11866,10997,0.9268,0.8393,0.9268,447,10550,846,23
575,2018,train,60,12,24,11866,13103,11866,10516,0.8862,0.8026,0.8862,819,9697,1315,35
575,2018,test,30,6,6,2590,2718,2590,2524,0.9745,0.9286,0.9745,35,2489,66,0
575,2018,test,30,6,12,2590,2718,2590,2491,0.9618,0.9165,0.9618,59,2432,99,0
575,2018,test,30,6,24,2590,2718,2590,2431,0.9386,0.8944,0.9386,107,2324,159,0
575,2018,test,60,12,6,2590,2718,2590,2502,0.966,0.9205,0.966,35,2467,88,0
575,2018,test,60,12,12,2590,2718,2590,2472,0.9544,0.9095,0.9544,59,2413,118,0
575,2018,test,60,12,24,2590,2718,2590,2412,0.9313,0.8874,0.9313,107,2305,178,0
588,2018,train,30,6,6,12640,13105,12640,12522,0.9907,0.9555,0.9907,0,12522,107,11
588,2018,train,30,6,12,12640,13105,12640,12462,0.9859,0.9509,0.9859,0,12462,161,17
588,2018,train,30,6,24,12640,13105,12640,12342,0.9764,0.9418,0.9764,0,12342,269,29
588,2018,train,60,12,6,12640,13105,12640,12467,0.9863,0.9513,0.9863,0,12467,156,17
588,2018,train,60,12,12,12640,13105,12640,12407,0.9816,0.9467,0.9816,0,12407,210,23
588,2018,train,60,12,24,12640,13105,12640,12287,0.9721,0.9376,0.9721,0,12287,318,35
588,2018,test,30,6,6,2791,2880,2791,2769,0.9921,0.9615,0.9921,0,2769,22,0
588,2018,test,30,6,12,2791,2880,2791,2757,0.9878,0.9573,0.9878,0,2757,34,0
588,2018,test,30,6,24,2791,2880,2791,2733,0.9792,0.949,0.9792,0,2733,58,0
588,2018,test,60,12,6,2791,2880,2791,2757,0.9878,0.9573,0.9878,0,2757,34,0
588,2018,test,60,12,12,2791,2880,2791,2745,0.9835,0.9531,0.9835,0,2745,46,0
588,2018,test,60,12,24,2791,2880,2791,2721,0.9749,0.9448,0.9749,0,2721,70,0
591,2018,train,30,6,6,10847,12755,10847,10638,0.9807,0.834,0.9807,65,10573,198,11
591,2018,train,30,6,12,10847,12755,10847,10524,0.9702,0.8251,0.9702,107,10417,306,17
591,2018,train,30,6,24,10847,12755,10847,10296,0.9492,0.8072,0.9492,191,10105,522,29
591,2018,train,60,12,6,10847,12755,10847,10546,0.9723,0.8268,0.9723,63,10483,284,17
591,2018,train,60,12,12,10847,12755,10847,10432,0.9617,0.8179,0.9617,105,10327,392,23
591,2018,train,60,12,24,10847,12755,10847,10210,0.9413,0.8005,0.9413,189,10021,602,35
591,2018,test,30,6,6,2760,2847,2760,2738,0.992,0.9617,0.992,15,2723,22,0
591,2018,test,30,6,12,2760,2847,2760,2726,0.9877,0.9575,0.9877,27,2699,34,0
591,2018,test,30,6,24,2760,2847,2760,2702,0.979,0.9491,0.979,50,2652,58,0
591,2018,test,60,12,6,2760,2847,2760,2726,0.9877,0.9575,0.9877,15,2711,34,0
591,2018,test,60,12,12,2760,2847,2760,2714,0.9833,0.9533,0.9833,27,2687,46,0
591,2018,test,60,12,24,2760,2847,2760,2690,0.9746,0.9449,0.9746,44,2646,70,0
540,2020,train,30,6,6,11947,13109,11947,11705,0.9797,0.8929,0.9797,63,11642,231,11
540,2020,train,30,6,12,11947,13109,11947,11573,0.9687,0.8828,0.9687,111,11462,357,17
540,2020,train,30,6,24,11947,13109,11947,11309,0.9466,0.8627,0.9466,202,11107,609,29
540,2020,train,60,12,6,11947,13109,11947,11597,0.9707,0.8847,0.9707,64,11533,333,17
540,2020,train,60,12,12,11947,13109,11947,11465,0.9597,0.8746,0.9597,112,11353,459,23
540,2020,train,60,12,24,11947,13109,11947,11201,0.9376,0.8545,0.9376,197,11004,711,35
540,2020,test,30,6,6,2896,3065,2884,2829,0.9769,0.923,0.9809,29,2800,55,0
540,2020,test,30,6,12,2896,3065,2884,2799,0.9665,0.9132,0.9705,47,2752,85,0
540,2020,test,30,6,24,2896,3065,2884,2739,0.9458,0.8936,0.9497,83,2656,145,0
540,2020,test,60,12,6,2896,3065,2884,2810,0.9703,0.9168,0.9743,29,2781,74,0
540,2020,test,60,12,12,2896,3065,2884,2780,0.9599,0.907,0.9639,47,2733,104,0
540,2020,test,60,12,24,2896,3065,2884,2720,0.9392,0.8874,0.9431,83,2637,164,0
544,2020,train,30,6,6,10623,12671,10623,10384,0.9775,0.8195,0.9775,6,10378,228,11
544,2020,train,30,6,12,10623,12671,10623,10252,0.9651,0.8091,0.9651,6,10246,354,17
544,2020,train,30,6,24,10623,12671,10623,9988,0.9402,0.7883,0.9402,6,9982,606,29
544,2020,train,60,12,6,10623,12671,10623,10276,0.9673,0.811,0.9673,6,10270,330,17
544,2020,train,60,12,12,10623,12671,10623,10144,0.9549,0.8006,0.9549,6,10138,456,23
544,2020,train,60,12,24,10623,12671,10623,9880,0.9301,0.7797,0.9301,6,9874,708,35
544,2020,test,30,6,6,2716,3136,2704,2671,0.9834,0.8517,0.9878,25,2646,33,0
544,2020,test,30,6,12,2716,3136,2704,2653,0.9768,0.846,0.9811,43,2610,51,0
544,2020,test,30,6,24,2716,3136,2704,2617,0.9635,0.8345,0.9678,79,2538,87,0
544,2020,test,60,12,6,2716,3136,2704,2653,0.9768,0.846,0.9811,25,2628,51,0
544,2020,test,60,12,12,2716,3136,2704,2635,0.9702,0.8402,0.9745,43,2592,69,0
544,2020,test,60,12,24,2716,3136,2704,2599,0.9569,0.8288,0.9612,79,2520,105,0
552,2020,train,30,6,6,9080,11097,9080,8795,0.9686,0.7926,0.9686,148,8647,274,11
552,2020,train,30,6,12,9080,11097,9080,8645,0.9521,0.779,0.9521,256,8389,418,17
552,2020,train,30,6,24,9080,11097,9080,8345,0.9191,0.752,0.9191,464,7881,706,29
552,2020,train,60,12,6,9080,11097,9080,8664,0.9542,0.7808,0.9542,148,8516,399,17
552,2020,train,60,12,12,9080,11097,9080,8514,0.9377,0.7672,0.9377,254,8260,543,23
552,2020,train,60,12,24,9080,11097,9080,8214,0.9046,0.7402,0.9046,458,7756,831,35
552,2020,test,30,6,6,2364,3950,2352,2275,0.9624,0.5759,0.9673,24,2251,77,0
552,2020,test,30,6,12,2364,3950,2352,2233,0.9446,0.5653,0.9494,42,2191,119,0
552,2020,test,30,6,24,2364,3950,2352,2142,0.9061,0.5423,0.9107,78,2064,210,0
552,2020,test,60,12,6,2364,3950,2352,2239,0.9471,0.5668,0.952,24,2215,113,0
552,2020,test,60,12,12,2364,3950,2352,2196,0.9289,0.5559,0.9337,42,2154,156,0
552,2020,test,60,12,24,2364,3950,2352,2100,0.8883,0.5316,0.8929,78,2022,252,0
567,2020,train,30,6,6,10858,13535,10858,10319,0.9504,0.7624,0.9504,67,10252,528,11
567,2020,train,30,6,12,10858,13535,10858,10025,0.9233,0.7407,0.9233,115,9910,816,17
567,2020,train,30,6,24,10858,13535,10858,9437,0.8691,0.6972,0.8691,207,9230,1392,29
567,2020,train,60,12,6,10858,13535,10858,10054,0.926,0.7428,0.926,65,9989,787,17
567,2020,train,60,12,12,10858,13535,10858,9760,0.8989,0.7211,0.8989,113,9647,1075,23
567,2020,train,60,12,24,10858,13535,10858,9172,0.8447,0.6777,0.8447,199,8973,1651,35
567,2020,test,30,6,6,2389,2870,2377,2278,0.9535,0.7937,0.9584,19,2259,99,0
567,2020,test,30,6,12,2389,2870,2377,2224,0.9309,0.7749,0.9356,31,2193,153,0
567,2020,test,30,6,24,2389,2870,2377,2116,0.8857,0.7373,0.8902,55,2061,261,0
567,2020,test,60,12,6,2389,2870,2377,2224,0.9309,0.7749,0.9356,19,2205,153,0
567,2020,test,60,12,12,2389,2870,2377,2170,0.9083,0.7561,0.9129,31,2139,207,0
567,2020,test,60,12,24,2389,2870,2377,2062,0.8631,0.7185,0.8675,55,2007,315,0
584,2020,train,30,6,6,12150,13247,12150,11772,0.9689,0.8887,0.9689,201,11571,367,11
584,2020,train,30,6,12,12150,13247,12150,11568,0.9521,0.8733,0.9521,348,11220,565,17
584,2020,train,30,6,24,12150,13247,12150,11160,0.9185,0.8425,0.9185,636,10524,961,29
584,2020,train,60,12,6,12150,13247,12150,11621,0.9565,0.8773,0.9565,199,11422,512,17
584,2020,train,60,12,12,12150,13247,12150,11417,0.9397,0.8619,0.9397,348,11069,710,23
584,2020,train,60,12,24,12150,13247,12150,11011,0.9063,0.8312,0.9063,635,10376,1104,35
584,2020,test,30,6,6,2665,2995,2653,2521,0.946,0.8417,0.9502,26,2495,132,0
584,2020,test,30,6,12,2665,2995,2653,2449,0.9189,0.8177,0.9231,44,2405,204,0
584,2020,test,30,6,24,2665,2995,2653,2305,0.8649,0.7696,0.8688,80,2225,348,0
584,2020,test,60,12,6,2665,2995,2653,2478,0.9298,0.8274,0.934,26,2452,175,0
584,2020,test,60,12,12,2665,2995,2653,2406,0.9028,0.8033,0.9069,44,2362,247,0
584,2020,test,60,12,24,2665,2995,2653,2262,0.8488,0.7553,0.8526,80,2182,391,0
596,2020,train,30,6,6,10877,13629,10877,10668,0.9808,0.7827,0.9808,53,10615,198,11
596,2020,train,30,6,12,10877,13629,10877,10554,0.9703,0.7744,0.9703,83,10471,306,17
596,2020,train,30,6,24,10877,13629,10877,10333,0.95,0.7582,0.95,140,10193,515,29
596,2020,train,60,12,6,10877,13629,10877,10561,0.9709,0.7749,0.9709,43,10518,299,17
596,2020,train,60,12,12,10877,13629,10877,10450,0.9607,0.7667,0.9607,73,10377,404,23
596,2020,train,60,12,24,10877,13629,10877,10231,0.9406,0.7507,0.9406,132,10099,611,35
596,2020,test,30,6,6,2743,3002,2731,2665,0.9716,0.8877,0.9758,0,2665,66,0
596,2020,test,30,6,12,2743,3002,2731,2629,0.9584,0.8757,0.9627,0,2629,102,0
596,2020,test,30,6,24,2743,3002,2731,2557,0.9322,0.8518,0.9363,0,2557,174,0
596,2020,test,60,12,6,2743,3002,2731,2635,0.9606,0.8777,0.9648,0,2635,96,0
596,2020,test,60,12,12,2743,3002,2731,2599,0.9475,0.8658,0.9517,0,2599,132,0
596,2020,test,60,12,24,2743,3002,2731,2527,0.9213,0.8418,0.9253,0,2527,204,0
