patient,cohort,split,readings,expected_readings,missing_fraction,gaps_le_10min,gaps_le_30min,gaps_le_1h,gaps_le_6h,gaps_over_6h,longest_gap_min,total_gaps,short_intervals,windows_crossing_H6,windows_crossing_H12,windows_crossing_H24
559,2018,train,10796,12080,0.1063,1,5,6,26,4,783.0,42,0,0.0195,0.0428,0.0895
559,2018,test,2514,2876,0.1259,0,2,1,6,2,541.0,11,0,0.0219,0.0483,0.1016
563,2018,train,12124,13097,0.0743,1,9,1,6,4,1446.0,21,0,0.0087,0.0191,0.0399
563,2018,test,2570,2691,0.045,1,1,0,0,1,592.0,3,0,0.0058,0.0129,0.0271
570,2018,train,10982,11611,0.0542,1,1,3,14,1,727.0,20,0,0.0091,0.0201,0.042
570,2018,test,2745,2879,0.0465,0,2,4,3,0,195.0,9,0,0.0164,0.0362,0.076
575,2018,train,11866,13103,0.0944,0,32,19,14,7,684.0,72,0,0.0304,0.0666,0.1386
575,2018,test,2590,2718,0.0471,0,4,3,3,0,259.0,10,0,0.0193,0.0427,0.0861
588,2018,train,12640,13105,0.0355,0,0,1,7,2,757.0,10,0,0.004,0.0085,0.017
588,2018,test,2791,2880,0.0309,0,0,0,2,0,241.0,2,0,0.0036,0.0079,0.0166
591,2018,train,10847,12755,0.1496,1,7,7,6,5,4838.0,26,0,0.012,0.026,0.0538
591,2018,test,2760,2847,0.0306,0,2,0,2,0,231.0,4,0,0.0073,0.016,0.0336
540,2020,train,11947,13109,0.0886,2,6,8,8,5,1180.5,29,1,0.0121,0.0267,0.0559
540,2020,test,2896,3065,0.0551,0,3,3,1,1,578.2,8,0,0.0138,0.0305,0.064
544,2020,train,10623,12671,0.1616,0,1,5,11,5,3695.0,22,0,0.0102,0.0221,0.0458
544,2020,test,2716,3136,0.1339,0,3,0,2,1,1734.0,6,1,0.0111,0.0244,0.0512
552,2020,train,9080,11097,0.1818,2,16,4,15,6,2607.8,43,0,0.0237,0.052,0.1075
552,2020,test,2364,3950,0.4015,0,3,1,4,2,7079.8,10,0,0.0212,0.0467,0.0982
567,2020,train,10858,13535,0.1978,1,8,9,30,9,1581.8,57,0,0.0263,0.0574,0.1195
567,2020,test,2389,2870,0.1676,0,2,0,7,2,962.2,11,0,0.0231,0.0509,0.1069
584,2020,train,12150,13247,0.0828,0,25,15,15,4,887.0,59,1,0.0242,0.0528,0.1093
584,2020,test,2665,2995,0.1102,0,3,8,3,1,1016.0,15,0,0.0282,0.0622,0.1306
596,2020,train,10877,13629,0.2019,0,7,2,7,9,2965.0,25,0,0.0115,0.0248,0.05
596,2020,test,2743,3002,0.0863,0,0,2,3,1,644.0,6,0,0.011,0.0242,0.0507
