step,variant,horizon_min,patient,cohort,n_scored,rmse_model,rmse_persistence,rmse_linear_ar,gain_vs_persistence,gain_vs_linear_ar,reference,ci_low,ci_high,patients_improved
"1 single configuration (GRU 64, H=24, 3 seeds)",primary,30,540,2020,2739,20.399,28.257,20.915,7.858,0.516,,,,
"1 single configuration (GRU 64, H=24, 3 seeds)",primary,30,544,2020,2617,17.143,22.533,16.582,5.39,-0.56,,,,
"1 single configuration (GRU 64, H=24, 3 seeds)",primary,30,552,2020,2142,16.362,20.94,16.682,4.578,0.321,,,,
"1 single configuration (GRU 64, H=24, 3 seeds)",primary,30,559,2018,2253,18.495,23.157,17.823,4.663,-0.672,,,,
"1 single configuration (GRU 64, H=24, 3 seeds)",primary,30,563,2018,2541,18.344,20.771,19.289,2.427,0.944,,,,
"1 single configuration (GRU 64, H=24, 3 seeds)",primary,30,567,2020,2116,20.021,27.52,20.081,7.499,0.06,,,,
"1 single configuration (GRU 64, H=24, 3 seeds)",primary,30,570,2018,2542,16.68,18.664,15.909,1.984,-0.772,,,,
"1 single configuration (GRU 64, H=24, 3 seeds)",primary,30,575,2018,2431,24.178,25.284,23.564,1.106,-0.614,,,,
"1 single configuration (GRU 64, H=24, 3 seeds)",primary,30,584,2020,2305,21.336,24.66,21.003,3.324,-0.333,,,,
"1 single configuration (GRU 64, H=24, 3 seeds)",primary,30,588,2018,2733,18.452,21.897,18.215,3.445,-0.237,,,,
"1 single configuration (GRU 64, H=24, 3 seeds)",primary,30,591,2018,2702,23.336,24.776,21.704,1.44,-1.632,,,,
"1 single configuration (GRU 64, H=24, 3 seeds)",primary,30,596,2020,2557,16.614,21.207,16.417,4.593,-0.197,,,,
"1 single configuration (GRU 64, H=24, 3 seeds)",primary,30,bootstrap over 6 patients,2020,6,,,,5.54,,persistence,4.298,6.843,6
"1 single configuration (GRU 64, H=24, 3 seeds)",primary,30,bootstrap over 6 patients,2020,6,,,,,-0.032,linear AR,-0.321,0.266,3
"1 single configuration (GRU 64, H=24, 3 seeds)",primary,30,bootstrap over 12 patients,all12,12,,,,4.025,,persistence,2.868,5.263,12
"1 single configuration (GRU 64, H=24, 3 seeds)",primary,30,bootstrap over 12 patients,all12,12,,,,,-0.265,linear AR,-0.631,0.107,4
"1 single configuration (GRU 64, H=24, 3 seeds)",primary,60,540,2020,2720,39.554,47.036,38.933,7.482,-0.621,,,,
"1 single configuration (GRU 64, H=24, 3 seeds)",primary,60,544,2020,2599,28.362,38.034,28.398,9.672,0.036,,,,
"1 single configuration (GRU 64, H=24, 3 seeds)",primary,60,552,2020,2100,28.729,34.054,29.91,5.325,1.181,,,,
"1 single configuration (GRU 64, H=24, 3 seeds)",primary,60,559,2018,2200,31.74,39.116,30.044,7.376,-1.696,,,,
"1 single configuration (GRU 64, H=24, 3 seeds)",primary,60,563,2018,2535,30.535,34.01,31.048,3.474,0.513,,,,
"1 single configuration (GRU 64, H=24, 3 seeds)",primary,60,567,2020,2062,37.2,45.952,35.86,8.752,-1.34,,,,
"1 single configuration (GRU 64, H=24, 3 seeds)",primary,60,570,2018,2514,29.606,31.41,27.365,1.804,-2.241,,,,
"1 single configuration (GRU 64, H=24, 3 seeds)",primary,60,575,2018,2412,36.797,38.579,36.117,1.782,-0.68,,,,
"1 single configuration (GRU 64, H=24, 3 seeds)",primary,60,584,2020,2262,34.862,40.597,34.013,5.735,-0.849,,,,
"1 single configuration (GRU 64, H=24, 3 seeds)",primary,60,588,2018,2721,30.98,35.938,30.748,4.957,-0.233,,,,
"1 single configuration (GRU 64, H=24, 3 seeds)",primary,60,591,2018,2690,35.005,39.266,34.128,4.261,-0.877,,,,
"1 single configuration (GRU 64, H=24, 3 seeds)",primary,60,596,2020,2527,27.833,35.675,27.087,7.842,-0.746,,,,
"1 single configuration (GRU 64, H=24, 3 seeds)",primary,60,bootstrap over 6 patients,2020,6,,,,7.468,,persistence,6.241,8.694,6
"1 single configuration (GRU 64, H=24, 3 seeds)",primary,60,bootstrap over 6 patients,2020,6,,,,,-0.39,linear AR,-0.957,0.314,2
"1 single configuration (GRU 64, H=24, 3 seeds)",primary,60,bootstrap over 12 patients,all12,12,,,,5.705,,persistence,4.339,7.097,12
"1 single configuration (GRU 64, H=24, 3 seeds)",primary,60,bootstrap over 12 patients,all12,12,,,,,-0.629,linear AR,-1.132,-0.126,3
"1 single configuration (GRU 64, H=24, 3 seeds)",bglp,30,540,2020,2884,21.578,29.027,22.336,7.449,0.758,,,,
"1 single configuration (GRU 64, H=24, 3 seeds)",bglp,30,544,2020,2704,17.497,22.638,17.041,5.141,-0.456,,,,
"1 single configuration (GRU 64, H=24, 3 seeds)",bglp,30,552,2020,2352,16.928,20.862,17.499,3.934,0.571,,,,
"1 single configuration (GRU 64, H=24, 3 seeds)",bglp,30,559,2018,2514,20.976,25.05,20.516,4.074,-0.46,,,,
"1 single configuration (GRU 64, H=24, 3 seeds)",bglp,30,563,2018,2570,18.348,20.732,18.821,2.384,0.473,,,,
"1 single configuration (GRU 64, H=24, 3 seeds)",bglp,30,567,2020,2377,24.749,30.704,25.525,5.955,0.775,,,,
"1 single configuration (GRU 64, H=24, 3 seeds)",bglp,30,570,2018,2745,17.734,19.532,17.053,1.798,-0.68,,,,
"1 single configuration (GRU 64, H=24, 3 seeds)",bglp,30,575,2018,2590,24.38,26.058,23.664,1.678,-0.716,,,,
"1 single configuration (GRU 64, H=24, 3 seeds)",bglp,30,584,2020,2653,25.023,28.67,25.397,3.648,0.374,,,,
"1 single configuration (GRU 64, H=24, 3 seeds)",bglp,30,588,2018,2791,18.63,22.097,18.468,3.467,-0.162,,,,
"1 single configuration (GRU 64, H=24, 3 seeds)",bglp,30,591,2018,2760,23.48,24.898,22.186,1.418,-1.294,,,,
"1 single configuration (GRU 64, H=24, 3 seeds)",bglp,30,596,2020,2731,16.717,21.009,16.842,4.292,0.125,,,,
"1 single configuration (GRU 64, H=24, 3 seeds)",bglp,30,bootstrap over 6 patients,2020,6,,,,5.07,,persistence,4.099,6.182,6
"1 single configuration (GRU 64, H=24, 3 seeds)",bglp,30,bootstrap over 6 patients,2020,6,,,,,0.358,linear AR,0.005,0.666,5
"1 single configuration (GRU 64, H=24, 3 seeds)",bglp,30,bootstrap over 12 patients,all12,12,,,,3.77,,persistence,2.813,4.795,12
"1 single configuration (GRU 64, H=24, 3 seeds)",bglp,30,bootstrap over 12 patients,all12,12,,,,,-0.058,linear AR,-0.425,0.297,6
"1 single configuration (GRU 64, H=24, 3 seeds)",bglp,60,540,2020,2884,40.274,48.131,40.258,7.858,-0.016,,,,
"1 single configuration (GRU 64, H=24, 3 seeds)",bglp,60,544,2020,2704,28.517,37.792,28.365,9.275,-0.152,,,,
"1 single configuration (GRU 64, H=24, 3 seeds)",bglp,60,552,2020,2352,29.428,33.782,30.403,4.355,0.975,,,,
"1 single configuration (GRU 64, H=24, 3 seeds)",bglp,60,559,2018,2514,33.9,41.066,32.433,7.166,-1.467,,,,
"1 single configuration (GRU 64, H=24, 3 seeds)",bglp,60,563,2018,2570,30.494,33.866,30.577,3.372,0.084,,,,
"1 single configuration (GRU 64, H=24, 3 seeds)",bglp,60,567,2020,2377,40.013,49.145,40.336,9.132,0.323,,,,
"1 single configuration (GRU 64, H=24, 3 seeds)",bglp,60,570,2018,2745,30.865,32.502,28.922,1.637,-1.943,,,,
"1 single configuration (GRU 64, H=24, 3 seeds)",bglp,60,575,2018,2590,37.226,40.198,35.995,2.972,-1.231,,,,
"1 single configuration (GRU 64, H=24, 3 seeds)",bglp,60,584,2020,2653,37.616,44.662,37.963,7.047,0.348,,,,
"1 single configuration (GRU 64, H=24, 3 seeds)",bglp,60,588,2018,2791,31.09,36.193,30.842,5.103,-0.248,,,,
"1 single configuration (GRU 64, H=24, 3 seeds)",bglp,60,591,2018,2760,34.961,39.121,34.635,4.16,-0.326,,,,
"1 single configuration (GRU 64, H=24, 3 seeds)",bglp,60,596,2020,2731,27.698,34.984,27.425,7.286,-0.273,,,,
"1 single configuration (GRU 64, H=24, 3 seeds)",bglp,60,bootstrap over 6 patients,2020,6,,,,7.492,,persistence,6.088,8.659,6
"1 single configuration (GRU 64, H=24, 3 seeds)",bglp,60,bootstrap over 6 patients,2020,6,,,,,0.201,linear AR,-0.106,0.554,3
"1 single configuration (GRU 64, H=24, 3 seeds)",bglp,60,bootstrap over 12 patients,all12,12,,,,5.78,,persistence,4.443,7.151,12
"1 single configuration (GRU 64, H=24, 3 seeds)",bglp,60,bootstrap over 12 patients,all12,12,,,,,-0.327,linear AR,-0.797,0.097,4
