step,variant,horizon_min,patient,cohort,n_seeds,n_scored,n_fallback,rmse_mean,rmse_sd,mae_mean,mape_mean
"1 single configuration (GRU 64, H=24, 3 seeds)",primary,30,540,2020,3,2739,0,20.541,0.123,15.338,10.723
"1 single configuration (GRU 64, H=24, 3 seeds)",primary,30,544,2020,3,2617,0,17.259,0.286,12.415,8.329
"1 single configuration (GRU 64, H=24, 3 seeds)",primary,30,552,2020,3,2142,0,16.559,0.164,12.246,9.707
"1 single configuration (GRU 64, H=24, 3 seeds)",primary,30,559,2018,3,2253,0,18.616,0.129,12.944,8.615
"1 single configuration (GRU 64, H=24, 3 seeds)",primary,30,563,2018,3,2541,0,18.469,0.264,12.962,8.091
"1 single configuration (GRU 64, H=24, 3 seeds)",primary,30,567,2020,3,2116,0,20.23,0.142,14.281,10.321
"1 single configuration (GRU 64, H=24, 3 seeds)",primary,30,570,2018,3,2542,0,17.182,1.352,12.659,6.702
"1 single configuration (GRU 64, H=24, 3 seeds)",primary,30,575,2018,3,2431,0,24.269,0.257,15.18,10.941
"1 single configuration (GRU 64, H=24, 3 seeds)",primary,30,584,2020,3,2305,0,21.404,0.048,15.548,10.322
"1 single configuration (GRU 64, H=24, 3 seeds)",primary,30,588,2018,3,2733,0,18.71,0.046,13.787,8.309
"1 single configuration (GRU 64, H=24, 3 seeds)",primary,30,591,2018,3,2702,0,23.368,0.027,17.742,13.8
"1 single configuration (GRU 64, H=24, 3 seeds)",primary,30,596,2020,3,2557,0,16.732,0.153,12.078,8.901
"1 single configuration (GRU 64, H=24, 3 seeds)",primary,60,540,2020,3,2720,0,39.998,0.635,29.902,20.215
"1 single configuration (GRU 64, H=24, 3 seeds)",primary,60,544,2020,3,2599,0,28.465,0.149,20.828,13.95
"1 single configuration (GRU 64, H=24, 3 seeds)",primary,60,552,2020,3,2100,0,29.03,0.485,22.594,18.251
"1 single configuration (GRU 64, H=24, 3 seeds)",primary,60,559,2018,3,2200,0,31.934,0.247,23.166,15.494
"1 single configuration (GRU 64, H=24, 3 seeds)",primary,60,563,2018,3,2535,0,30.833,0.52,22.021,13.563
"1 single configuration (GRU 64, H=24, 3 seeds)",primary,60,567,2020,3,2062,0,37.294,0.357,28.011,21.333
"1 single configuration (GRU 64, H=24, 3 seeds)",primary,60,570,2018,3,2514,0,29.685,0.391,23.063,12.429
"1 single configuration (GRU 64, H=24, 3 seeds)",primary,60,575,2018,3,2412,0,37.382,0.953,26.228,19.333
"1 single configuration (GRU 64, H=24, 3 seeds)",primary,60,584,2020,3,2262,0,35.217,0.323,26.642,17.665
"1 single configuration (GRU 64, H=24, 3 seeds)",primary,60,588,2018,3,2721,0,31.054,0.437,23.183,14.287
"1 single configuration (GRU 64, H=24, 3 seeds)",primary,60,591,2018,3,2690,0,35.091,0.349,27.615,22.754
"1 single configuration (GRU 64, H=24, 3 seeds)",primary,60,596,2020,3,2527,0,28.037,0.236,20.83,15.578
"1 single configuration (GRU 64, H=24, 3 seeds)",bglp,30,540,2020,3,2884,145,21.724,0.188,16.044,11.429
"1 single configuration (GRU 64, H=24, 3 seeds)",bglp,30,544,2020,3,2704,87,17.612,0.276,12.53,8.4
"1 single configuration (GRU 64, H=24, 3 seeds)",bglp,30,552,2020,3,2352,210,17.13,0.359,12.598,9.825
"1 single configuration (GRU 64, H=24, 3 seeds)",bglp,30,559,2018,3,2514,261,21.084,0.069,14.035,9.739
"1 single configuration (GRU 64, H=24, 3 seeds)",bglp,30,563,2018,3,2570,29,18.473,0.262,13.0,8.145
"1 single configuration (GRU 64, H=24, 3 seeds)",bglp,30,567,2020,3,2377,261,25.047,0.662,15.957,11.619
"1 single configuration (GRU 64, H=24, 3 seeds)",bglp,30,570,2018,3,2745,203,18.211,1.105,13.234,6.789
"1 single configuration (GRU 64, H=24, 3 seeds)",bglp,30,575,2018,3,2590,159,24.473,0.189,15.514,11.013
"1 single configuration (GRU 64, H=24, 3 seeds)",bglp,30,584,2020,3,2653,348,25.088,0.127,16.599,11.322
"1 single configuration (GRU 64, H=24, 3 seeds)",bglp,30,588,2018,3,2791,58,18.887,0.055,13.899,8.341
"1 single configuration (GRU 64, H=24, 3 seeds)",bglp,30,591,2018,3,2760,58,23.512,0.032,17.765,14.012
"1 single configuration (GRU 64, H=24, 3 seeds)",bglp,30,596,2020,3,2731,174,16.829,0.158,12.158,9.131
"1 single configuration (GRU 64, H=24, 3 seeds)",bglp,60,540,2020,3,2884,164,40.705,0.661,30.623,21.06
"1 single configuration (GRU 64, H=24, 3 seeds)",bglp,60,544,2020,3,2704,105,28.626,0.226,20.891,14.027
"1 single configuration (GRU 64, H=24, 3 seeds)",bglp,60,552,2020,3,2352,252,29.761,0.773,22.988,18.311
"1 single configuration (GRU 64, H=24, 3 seeds)",bglp,60,559,2018,3,2514,314,34.08,0.14,24.497,17.152
"1 single configuration (GRU 64, H=24, 3 seeds)",bglp,60,563,2018,3,2570,35,30.788,0.514,22.066,13.632
"1 single configuration (GRU 64, H=24, 3 seeds)",bglp,60,567,2020,3,2377,315,40.105,0.258,29.367,22.179
"1 single configuration (GRU 64, H=24, 3 seeds)",bglp,60,570,2018,3,2745,231,30.941,0.469,23.945,12.431
"1 single configuration (GRU 64, H=24, 3 seeds)",bglp,60,575,2018,3,2590,178,37.799,0.822,26.606,19.343
"1 single configuration (GRU 64, H=24, 3 seeds)",bglp,60,584,2020,3,2653,391,37.93,0.144,28.115,19.314
"1 single configuration (GRU 64, H=24, 3 seeds)",bglp,60,588,2018,3,2791,70,31.163,0.455,23.308,14.297
"1 single configuration (GRU 64, H=24, 3 seeds)",bglp,60,591,2018,3,2760,70,35.047,0.352,27.594,23.027
"1 single configuration (GRU 64, H=24, 3 seeds)",bglp,60,596,2020,3,2731,204,27.9,0.166,20.648,15.864
