patient,split,horizon_steps,history_steps,naive_index_windows_crossing,naive_fraction,targets_history_touches_gap,touched_fraction,of_which_dropped,of_which_interpolated,touched_on_history_side_only,touched_with_history_end_inside_gap,history_side_minus_naive
559,train,6,6,210,0.0195,448,0.0415,396,52,210,238,0
559,train,6,12,462,0.0429,700,0.0649,612,88,462,238,0
559,train,6,24,964,0.0895,1193,0.1108,1033,160,955,238,-9
559,train,12,6,210,0.0195,640,0.0594,588,52,210,430,0
559,train,12,12,462,0.0429,890,0.0826,802,88,460,430,-2
559,train,12,24,964,0.0896,1373,0.1276,1213,160,943,430,-21
559,test,6,6,55,0.0219,114,0.0453,99,15,55,59,0
559,test,6,12,121,0.0481,180,0.0716,153,27,121,59,0
559,test,6,24,253,0.1006,312,0.1241,261,51,253,59,0
559,test,12,6,55,0.0219,167,0.0664,152,15,55,112,0
559,test,12,12,121,0.0481,233,0.0927,206,27,121,112,0
559,test,12,24,253,0.1006,365,0.1452,314,51,253,112,0
563,train,6,6,105,0.0087,205,0.0169,121,84,105,100,0
563,train,6,12,231,0.0191,331,0.0273,187,144,231,100,0
563,train,6,24,483,0.0399,583,0.0482,319,264,483,100,0
563,train,12,6,105,0.0087,266,0.022,182,84,105,161,0
563,train,12,12,231,0.0191,392,0.0324,248,144,231,161,0
563,train,12,24,483,0.04,644,0.0533,380,264,483,161,0
563,test,6,6,15,0.0058,25,0.0097,11,14,15,10,0
563,test,6,12,33,0.0128,43,0.0167,17,26,33,10,0
563,test,6,24,69,0.0268,79,0.0307,29,50,69,10,0
563,test,12,6,15,0.0058,31,0.0121,17,14,15,16,0
563,test,12,12,33,0.0128,49,0.0191,23,26,33,16,0
563,test,12,24,69,0.0268,85,0.0331,35,50,69,16,0
570,train,6,6,100,0.0091,212,0.0193,198,14,100,112,0
570,train,6,12,220,0.0201,332,0.0303,306,26,220,112,0
570,train,6,24,460,0.042,571,0.0521,521,50,459,112,-1
570,train,12,6,100,0.0091,311,0.0284,297,14,100,211,0
570,train,12,12,220,0.0201,431,0.0393,405,26,220,211,0
570,train,12,24,460,0.042,670,0.0612,620,50,459,211,-1
570,test,6,6,45,0.0164,93,0.0339,77,16,45,48,0
570,test,6,12,99,0.0361,147,0.0536,119,28,99,48,0
570,test,6,24,207,0.0754,255,0.0929,203,52,207,48,0
570,test,12,6,45,0.0164,121,0.0441,105,16,45,76,0
570,test,12,12,99,0.0361,175,0.0638,147,28,99,76,0
570,test,12,24,207,0.0754,283,0.1031,231,52,207,76,0
575,train,6,6,360,0.0304,707,0.0596,440,267,358,349,-2
575,train,6,12,790,0.0667,1133,0.0956,680,453,784,349,-6
575,train,6,24,1642,0.1387,1981,0.1674,1156,825,1632,349,-10
575,train,12,6,360,0.0304,867,0.0732,606,261,355,512,-5
575,train,12,12,790,0.0667,1293,0.1092,846,447,781,512,-9
575,train,12,24,1642,0.1388,2134,0.1804,1315,819,1622,512,-20
575,test,6,6,50,0.0193,101,0.039,66,35,50,51,0
575,test,6,12,110,0.0425,158,0.061,99,59,107,51,-3
575,test,6,24,221,0.0853,266,0.1027,159,107,215,51,-6
575,test,12,6,50,0.0193,123,0.0475,88,35,47,76,-3
575,test,12,12,110,0.0425,177,0.0683,118,59,101,76,-9
575,test,12,24,221,0.0853,285,0.11,178,107,209,76,-12
588,train,6,6,50,0.004,107,0.0085,107,0,47,60,-3
588,train,6,12,107,0.0085,161,0.0128,161,0,101,60,-6
588,train,6,24,215,0.017,269,0.0213,269,0,209,60,-6
588,train,12,6,50,0.004,156,0.0124,156,0,45,111,-5
588,train,12,12,107,0.0085,210,0.0166,210,0,99,111,-8
588,train,12,24,215,0.0171,318,0.0252,318,0,207,111,-8
588,test,6,6,10,0.0036,22,0.0079,22,0,10,12,0
588,test,6,12,22,0.0079,34,0.0122,34,0,22,12,0
588,test,6,24,46,0.0165,58,0.0208,58,0,46,12,0
588,test,12,6,10,0.0036,34,0.0122,34,0,10,24,0
588,test,12,12,22,0.0079,46,0.0165,46,0,22,24,0
588,test,12,24,46,0.0165,70,0.0251,70,0,46,24,0
591,train,6,6,130,0.012,263,0.0243,198,65,126,137,-4
591,train,6,12,282,0.026,413,0.0381,306,107,276,137,-6
591,train,6,24,582,0.0538,713,0.0659,522,191,576,137,-6
591,train,12,6,130,0.012,347,0.032,284,63,125,222,-5
591,train,12,12,282,0.0261,497,0.0459,392,105,275,222,-7
591,train,12,24,582,0.0538,791,0.0732,602,189,569,222,-13
591,test,6,6,20,0.0072,37,0.0134,22,15,20,17,0
591,test,6,12,44,0.0159,61,0.0221,34,27,44,17,0
591,test,6,24,92,0.0333,108,0.0391,58,50,91,17,-1
591,test,12,6,20,0.0072,49,0.0178,34,15,20,29,0
591,test,12,12,44,0.0159,73,0.0264,46,27,44,29,0
591,test,12,24,92,0.0333,114,0.0413,70,44,85,29,-7
540,train,6,6,145,0.0121,294,0.0246,231,63,145,149,0
540,train,6,12,319,0.0267,468,0.0392,357,111,319,149,0
540,train,6,24,667,0.056,811,0.068,609,202,662,149,-5
540,train,12,6,145,0.0122,397,0.0333,333,64,145,252,0
540,train,12,12,319,0.0268,571,0.0479,459,112,319,252,0
540,train,12,24,667,0.056,908,0.0762,711,197,656,252,-11
540,test,6,6,40,0.0139,84,0.0291,55,29,40,44,0
540,test,6,12,88,0.0305,132,0.0458,85,47,88,44,0
540,test,6,24,184,0.0638,228,0.0791,145,83,184,44,0
540,test,12,6,40,0.0139,103,0.0357,74,29,40,63,0
540,test,12,12,88,0.0305,151,0.0524,104,47,88,63,0
540,test,12,24,184,0.0638,247,0.0856,164,83,184,63,0
544,train,6,6,108,0.0102,234,0.0221,228,6,108,126,0
544,train,6,12,234,0.0221,360,0.0339,354,6,234,126,0
544,train,6,24,486,0.0459,612,0.0578,606,6,486,126,0
544,train,12,6,108,0.0102,336,0.0317,330,6,108,228,0
544,train,12,12,234,0.0221,462,0.0436,456,6,234,228,0
544,train,12,24,486,0.0459,714,0.0674,708,6,486,228,0
544,test,6,6,30,0.0111,58,0.0214,33,25,30,28,0
544,test,6,12,66,0.0244,94,0.0348,51,43,66,28,0
544,test,6,24,138,0.051,166,0.0614,87,79,138,28,0
544,test,12,6,30,0.0111,76,0.0281,51,25,30,46,0
544,test,12,12,66,0.0244,112,0.0414,69,43,66,46,0
544,test,12,24,138,0.051,184,0.068,105,79,138,46,0
552,train,6,6,214,0.0236,422,0.0465,274,148,214,208,0
552,train,6,12,466,0.0514,674,0.0744,418,256,466,208,0
552,train,6,24,968,0.1069,1170,0.1293,706,464,962,208,-6
552,train,12,6,210,0.0232,547,0.0604,399,148,210,337,0
552,train,12,12,462,0.051,797,0.088,543,254,460,337,-2
552,train,12,24,964,0.1066,1289,0.1425,831,458,952,337,-12
552,test,6,6,50,0.0213,101,0.0429,77,24,50,51,0
552,test,6,12,110,0.0468,161,0.0685,119,42,110,51,0
552,test,6,24,237,0.1008,288,0.1224,210,78,237,51,0
552,test,12,6,50,0.0213,137,0.0582,113,24,50,87,0
552,test,12,12,111,0.0472,198,0.0842,156,42,111,87,0
552,test,12,24,243,0.1033,330,0.1403,252,78,243,87,0
567,train,6,6,285,0.0263,595,0.0549,528,67,281,314,-4
567,train,6,12,623,0.0575,931,0.0859,816,115,617,314,-6
567,train,6,24,1295,0.1196,1599,0.1477,1392,207,1285,314,-10
567,train,12,6,285,0.0263,852,0.0786,787,65,280,572,-5
567,train,12,12,623,0.0575,1188,0.1096,1075,113,616,572,-7
567,train,12,24,1295,0.1197,1850,0.1709,1651,199,1278,572,-17
567,test,6,6,55,0.0231,118,0.0496,99,19,55,63,0
567,test,6,12,121,0.0509,184,0.0774,153,31,121,63,0
567,test,6,24,253,0.1064,316,0.1329,261,55,253,63,0
567,test,12,6,55,0.0231,172,0.0724,153,19,55,117,0
567,test,12,12,121,0.0509,238,0.1001,207,31,121,117,0
567,test,12,24,253,0.1064,370,0.1557,315,55,253,117,0
584,train,6,6,294,0.0242,568,0.0468,367,201,289,279,-5
584,train,6,12,641,0.0528,913,0.0752,565,348,634,279,-7
584,train,6,24,1325,0.1093,1597,0.1318,961,636,1318,279,-7
584,train,12,6,294,0.0242,711,0.0586,512,199,289,422,-5
584,train,12,12,641,0.0529,1058,0.0872,710,348,636,422,-5
584,train,12,24,1325,0.1094,1739,0.1435,1104,635,1317,422,-8
584,test,6,6,75,0.0283,158,0.0596,132,26,75,83,0
584,test,6,12,165,0.0622,248,0.0935,204,44,165,83,0
584,test,6,24,345,0.13,428,0.1613,348,80,345,83,0
584,test,12,6,75,0.0283,201,0.0758,175,26,75,126,0
584,test,12,12,165,0.0622,291,0.1097,247,44,165,126,0
584,test,12,24,345,0.13,471,0.1775,391,80,345,126,0
596,train,6,6,125,0.0115,251,0.0231,198,53,120,131,-5
596,train,6,12,270,0.0249,389,0.0358,306,83,258,131,-12
596,train,6,24,543,0.0501,655,0.0604,515,140,524,131,-19
596,train,12,6,125,0.0115,342,0.0315,299,43,115,227,-10
596,train,12,12,270,0.0249,477,0.0439,404,73,250,227,-20
596,train,12,24,543,0.0501,743,0.0685,611,132,516,227,-27
596,test,6,6,30,0.011,66,0.0242,66,0,30,36,0
596,test,6,12,66,0.0242,102,0.0373,102,0,66,36,0
596,test,6,24,138,0.0505,174,0.0637,174,0,138,36,0
596,test,12,6,30,0.011,96,0.0352,96,0,30,66,0
596,test,12,12,66,0.0242,132,0.0483,132,0,66,66,0
596,test,12,24,138,0.0505,204,0.0747,204,0,138,66,0
